1057101540034;40 MG/ML SUS OR CT 100 FR PLAS AMB X 100 ML + 100 COP MED;Regulado;859.85;977.1
1057101550013;20 MG/G CREM DERM CT BG AL X 30 G;Liberado;6.39;8.27
1057101560019;25 MG COM CT BL AL PLAS TRANS X 20;Regulado;6.22;7.07
1057101560027;25 MG COM CT BL AL PLAS TRANS X 30;Regulado;9.34;10.61
1057101560035;25 MG COM CT BL AL PLAS TRANS X 500;Regulado;155.71;176.94
1057101560043;50 MG COM CT BL AL PLAS TRANS X 20;Regulado;10.23;11.63
1057101560051;50 MG COM CT BL AL PLAS TRANS X 30;Regulado;15.36;17.45
1057101560061;50 MG COM CT BL AL PLAS TRANS X 500;Regulado;256.12;291.05
1057101580028;5 MG COM CT STR X 30;Regulado;8.72;9.91
1057101580044;10 MG COM CT STR X 30;Regulado;9.03;10.26
1057101580060;20 MG COM CT STR X 30;Regulado;19.52;22.18
1057101580079;5 MG COM CT STR X 500;Regulado;145.49;165.33
1057101580087;5 MG COM CT STR X 1000;Regulado;290.99;330.67
1057101580095;10 MG COM CT STR X 500;Regulado;150.71;171.26
1057101580109;10 MG COM CT STR X 1000;Regulado;301.43;342.53
1057101580117;20 MG COM CT STR X 500;Regulado;325.46;369.84
1057101580125;20 MG COM CT STR X 1000;Regulado;650.93;739.69
1057101590015;100 MG COM CT BL AL PLAS AMB X 6;Liberado;4.12;5.34
1057101600010;0.01 G/ML LOC CT FR PLAS OPC X 60 ML;Liberado;11.76;15.22
1057101610016;750 MG COM CT BL AL PLAS AMB X 200;Liberado;53.36;69.06
1057101610032;200 MG/ML SOL OR CT FR GOT PLAS OPC  X 15 ML;Liberado;4.89;6.33
1057101610075;750 MG COM CT BL AL PLAS AMB X 20;Liberado;12.41;16.06
1057101610091;200 MG/ML SOL OR CT 25 FR GOT PLAS OPC  X 15 ML;Liberado;122.61;158.69
1057101610105;200 MG/ML SOL OR CT 50 FR GOT PLAS OPC  X 15 ML;Liberado;245.22;317.38
1057101620011;10 MG/G CREM DERM CT BG AL X 20 G;Liberado;8.44;10.92
1057101620021;10 MG/ML SOL TOP CT FR VD AMB SPRAY X 20 ML;Liberado;18.45;23.87
1057101620038;10 MG/ML SOL TOP CT FR PLAS OPC GOT X 20 ML;Liberado;8.2;10.61
1057101620046;10 MG/ML SOL TOP CT FR PLAS OPC GOT X 30 ML;Liberado;12.29;15.91
1057101620054;10 MG/G CREM DERM CT 50 BG AL X 20 G;Liberado;422.27;546.52
1057101620062;10 MG/ML SOL TOP CT 50 FR VD AMB SPRAY X 20 ML;Liberado;922.68;1194.18
1057101620070;10 MG/ML SOL TOP CT 50 FR PLAS OPC GOT X 20 ML;Liberado;409.89;530.51
1057101620089;10 MG/ML SOL TOP CT 50 FR PLAS OPC GOT X 30 ML;Liberado;614.84;795.76
1057101630017;(5 MG + 250 UI)/G POM DERM CT BG AL X 15 G;Liberado;7.62;9.87
1057101630025;(5 MG + 250 UI)/G POM DERM CT BG AL X 10 G;Liberado;5.08;6.58
1057101630033;(5 MG + 250 UI)/G POM DERM CT 50 BG AL X 15 G;Liberado;381.46;493.7
1057101630041;(5 MG + 250 UI)/G POM DERM CT 50 BG AL X 10 G;Liberado;254.48;329.37
1057101640012;0.25 MCG CAP GEL MOLE CT FR VD AMB X 30;Regulado;106.04;120.5
1057101650018;4.0 MG/ML SOL OR CT FR PLAS OPC GOT X 10 ML;Regulado;2.07;2.68
1057101650026;10 MG COM CT BL AL PLAS TRANS X 20;Regulado;4.41;5.71
1057101650034;4.0 MG/ML SOL OR CT 25 FR PLAS OPC GOT X 10 ML;Regulado;51.96;67.26
1057101650042;4.0 MG/ML SOL OR CT 50 FR PLAS OPC GOT X 10 ML;Regulado;103.94;134.52
1057101650050;10 MG COM CT BL AL PLAS TRANS X 500;Regulado;110.37;142.85
1057101650069;10 MG COM CT BL AL PLAS TRANS X 1000;Regulado;220.73;285.68
1057101650077;10 MG COM CT BL AL PLAS TRANS X 2000;Regulado;441.47;571.38
1057101660013;5 MG COM CT BL AL PLAS TRANS X 30;Regulado;13.99;15.9
1057101660021;10 MG COM CT BL AL PLAS TRANS X 30;Regulado;18.66;21.2
1057101680014;20 MG/G CREM DERM CT BG AL X 30 G;Liberado;7.37;9.55
1057101680022;20 MG/G CREM DERM CT 50 BG AL X 30 G;Liberado;368.75;477.26
1057101680030;20 MG/G CREM DERM CT 100 BG AL X 30 G;Liberado;737.5;954.52
1057300020022;0.5 MG/ML XPE CT FR PLAS AMB X 60 ML + SER DOS;Liberado;22.1;28.6
1057300020073;5 MG COM REV CT BL AL PLAS TRANS X 10;Liberado;29.03;37.57
1057300030011;160 MG CAP DURA LIB PROL CT BL AL PLAS TRANS X 20;Regulado;36.62;41.61
1057300030028;320 MG CAP DURA LIB PROL CT BL AL PLAS TRANS X 20;Regulado;63.45;72.1
1057300030036;160 MG CAP DURA LIB PROL CT BL AL PLAS TRANS X 10;Regulado;18.31;20.81
1057300030044;320 MG CAP DURA LIB PROL CT BL AL PLAS TRANS X 10;Regulado;31.73;36.06
1057300030052;160 MG CAP DURA LIB PROL CT BL AL PLAS TRANS X 4;Regulado;5.46;6.2
1057300030060;320 MG CAP DURA LIB PROL CT BL AL PLAS TRANS X 4;Regulado;10.91;12.4
1057300040139;COM OR CT STR AL X 20;Liberado;11.35;14.69
1057300050061;1 MG + 450 MG + 75 MG +10 MG COM CT BL AL PLAS INC X 12;Regulado;14.29;18.5
1057300060113;50 MG COM REV CT BL AL PLAS TRANS X 30;Regulado;52.43;59.58
1057300070021;10 MG COM REV CT BL AL/AL X 10;Regulado;40.31;45.81
1057300070046;10 MG COM REV CT BL AL/AL X 30;Regulado;120.94;137.43
1057300070062;20 MG COM REV CT BL AL/AL X 10;Regulado;64.64;73.45
1057300070089;20 MG COM REV CT BL AL/AL X 30;Regulado;193.91;220.35
1057300070097;5 MG COM REV CT BL AL AL X 10;Regulado;16.42;18.66
1057300070100;5 MG COM REV CT BL AL AL X 30;Regulado;49.26;55.98
1057300070135;5 MG COM REV CT BL AL AL X 60;Regulado;98.51;111.94
1057300070143;10 MG COM REV CT BL AL AL X 60;Regulado;241.87;274.85
1057300070151;20 MG COM REV CT BL AL AL X 60;Regulado;387.83;440.72
1057300080076;62.5 MG/G + 25.000 UI/G + 1.25 MG/G CREM VAG CT BG AL X 40 G + 10 APLIC;Regulado;38.22;49.47
1057300110064;40 MG COM REV LIB RETARD CT BL AL AL X 7;Regulado;36.91;41.94
1057300110080;40 MG COM REV LIB RETARD CT BL AL AL X 28;Regulado;147.63;167.76
1057300110099;40 MG COM REV LIB RETARD CT BL AL AL X 42;Regulado;221.45;251.65
1057300120027;(20.0 + 0.64 + 2.5) MG/G CREM DERM CT BG AL X 30 G;Regulado;33.57;43.45
1057300120043;(20.0 + 0.64 + 2.5) MG/G POM DERM CT BG AL X 30 G;Regulado;31.26;40.46
1057300120051;(20.0 + 0.64 + 2.5) MG/G CREM DERM CT BG AL X 10 G;Regulado;10.65;13.79
1057300130014;10 MG COM REV CT BL AL/AL X 10;Regulado;24.91;28.31
1057300130030;10 MG COM REV CT BL AL/AL X 30;Regulado;49.53;56.28
1057300130049;4 MG GRAN CT 10 SACH X 350 MG;Regulado;41.6;47.27
1057300130057;4 MG GRAN CT 30 SACH X 350 MG;Regulado;124.79;141.81
1057300130091;4 MG COM MAST CT BL AL AL X 10;Regulado;21.84;24.82
1057300130103;4 MG COM MAST CT BL AL AL X 30;Regulado;49.53;56.28
1057300130111;5 MG COM MAST CT BL AL AL X 10;Regulado;22.3;25.34
1057300130121;5 MG COM MAST CT BL AL AL X 30;Regulado;49.53;56.28
1057300130138;4 MG COM MAST CT BL AL AL X 60;Regulado;131.02;148.89
1057300130146;5 MG COM MAST CT BL AL AL X 60;Regulado;133.83;152.08
1057300130154;4 MG GRAN CT 60  SACH X 350 MG;Regulado;218.16;247.91
1057300130162;10 MG COM REV CT BL AL/AL X 60;Regulado;149.43;169.81
1057300210018;350 MG + 150 MG + 50 MG COM CT BL AL PLAS TRANS X 12;Liberado;9.95;12.87
1057300210026;350 MG + 150 MG + 50 MG COM BL AL PLAS TRANS X 100;Liberado;80.39;104.05
1057300260211;50 MG/ML SUS OR CT FR VD AMB X 105 ML + CP MED X 10 ML;Regulado;26.72;30.36
1057300260244;25 MG/ML SUS OR CT FR VD AMB X 105 ML + CP MED X 10 ML;Regulado;15.39;17.49
1057300320121;6 MG CAP DURA LIB PROL CT BL AL PLAS INC X 20;Regulado;92.64;105.27
1057300500024;0.5 MG/ML SOL NAS CT FR GOT PLAS TRANS X 30 ML;Regulado;13.27;17.17
1057300550048;(300.0 + 125.0 + 50.0 +30.0) MG COM CT BL AL PLAS TRANS X 30;Regulado;31.92;41.31
1057300550056;(300.0 + 125.0 + 50.0 +30.0) MG COM CT BL AL PLAS TRANS X 15;Regulado;15.97;20.67
1057300550072;(300.0 + 125.0 + 50.0 +30.0) MG COM CT BL AL PLAS TRANS X 4;Regulado;4.25;5.5
1057300620016;200 MG/ML XPE CT FR VD AMB X 120 ML + COP;Regulado;85.53;97.19
1057300620063;80 MG CAP DURA CT BL AL PLAS PVDC TRANS X 20;Regulado;108.52;123.32
1057300620089;200 MG/ML XPE CT FR VD AMB X 60 ML + COP;Regulado;42.77;48.6
1057300620097;80 MG CAP DURA CT BL AL PLAS PVDC TRANS X 10;Regulado;54.26;61.66
1057300620100;80 MG CAP DURA CT BL AL PLAS PVDC TRANS X 30;Regulado;162.8;185
1057300660115;(20.0 + 0.64) MG/G CREM DERM CT BG AL X 10 G;Regulado;9.77;12.64
1057300660123;(20.0 + 0.64) MG/G CREM DERM CT BG AL X 30 G;Regulado;30.79;39.84
1057300660131;(20.0 + 0.64) MG/G POM DERM CT BG X 10 G;Regulado;9.55;12.36
1057300660141;(20.0 + 0.64) MG/G POM DERM CT BG AL X 30 G;Regulado;30.12;38.98
1057300670019;200 MG COM CT BL AL PLAS TRANS X 10;Regulado;35.02;39.8
1057300690051;01 MG + 100 MG + 350 MG COM CT BL AL PLAS INC X 12;Regulado;10.85;14.04
1057300720059;COM REV CT FR PLAS OPC X 30;Regulado;40.19;52.01
1057300760107;500 MG CAP DURA CT BL AL PLAS PVC TRANS X 15;Regulado;34.36;39.05
1057300760271;875 MG COM CT BL AL PLAS PVDC TRANS X 14;Regulado;64.63;73.44
1057300760298;875 MG COM CT BL AL PLAS PVDC TRANS X 20;Regulado;87.03;98.9
1057300760311;50 MG/ML P SUS OR CT FR VD AMB X 150 ML + SER DOS X 10 ML;Regulado;39;44.32
1057300760328;80 MG/ML P SUS OR CT FR VD AMB X 100 ML + SER DOS X 10 ML;Regulado;46.43;52.76
1057300760352;500 MG CAP DURA CT  BL AL PLAS PVC TRANS X 21;Regulado;48.15;54.72
1057300800028;10 MG COM CT BL AL PLAS INC X 20;Regulado;9.15;10.4
1057300800036;10 MG COM CT  BL AL PLAS INC X 50;Regulado;22.85;25.97
1057300800044;5.0MG/ML SOL OR CT FR PLAS TRANS GOT X 30ML;Regulado;7.36;8.36
1057300880218;10 MG + 3 MG COM CT BL AL PLAS TRANS X 20;Regulado;51.24;58.23
1057301140013;250 MG + 110 MG + 55 MG + 1100 MCG + 270.22 MG COM REV CT 2 BL AL PLAS TRANS X 10;Regulado;21.21;27.45
1057301140031;250 MG + 110 MG + 55 MG + 1100 MCG + 270.22 COM REV CT BL AL PLAS TRANS X 8;Regulado;8.48;10.98
1057301200047;3.75 MG PO LIOF SUS INJ IM CT FA VD TRANS + SOL DIL X 2 ML;Regulado;723.88;822.59
1057301200067;11.25 MG PO LIOF SUS INJ IM LIB PROL CT FA VD TRANS + SOL DIL X 2 ML;Regulado;2171.51;2467.63
1057301200075;22.5 MG PO LIOF SUS INJ IM LIB PROL CT FA VD TRANS + SOL DIL X 2 ML;Regulado;4343.12;4935.37
1057301270065;10 MG/ML XPE CT FR PLAS AMB X 120 ML + COP  X 10 ML;Regulado;39.1;44.43
1057301270073;5 MG/ML XPE CT FR PLAS AMB X 120 ML + COP  X 10 ML;Regulado;26.39;29.99
1057301270091;10 MG/ML XPE CT FR PLAS AMB X 60 ML + COP  X 10 ML;Regulado;19.52;22.18
1057301270111;5 MG/ML XPE CT FR PLAS AMB X 60 ML + COP X 10 ML;Regulado;13.21;15.01
1057301280030;160 MG CAP DURA LIB PROL CT BL AL PLAS TRANS X 20;Regulado;42.46;48.25
1057301280064;320 MG CAP DURA LIB PROL CT BL AL PLAS TRANS X 20;Regulado;69.85;79.38
1057301280079;160 MG CAP DURA LIB PROL CT BL AL PLAS TRANS X 10;Regulado;20.05;22.78
1057301280087;320 MG CAP DURA LIB PROL CT BL AL PLAS TRANS X 10;Regulado;32.98;37.48
1057301280095;160 MG CAP DURA LIB PROL CT BL AL PLAS TRANS X 4;Regulado;5.46;6.2
1057301280109;320 MG CAP DURA LIB PROL CT BL AL PLAS TRANS X 4;Regulado;10.91;12.4
1057301370029;400 MG CAP MOLE CT FR PLAS OPC X 30;Liberado;22.47;29.09
1057301400058;50 MG COM REV LIB RETARD CT BL AL PLAS TRANS X 20;Regulado;19.75;22.44
1057301400147;11 MG/G SOL C/ PROP (AER) CT FR AL PRESSURIZADO C/ VALVULA X 60 G;Liberado;14.03;18.15
1057301400181;75 MG COM REV LIB PROL CT BL AL PLAS TRANS X 14;Regulado;21.41;24.33
1057301400252;50 MG COM REV LIB RETARD CT BL AL PLAS TRANS X 10;Regulado;9.89;11.24
1057301400341;11 MG/G SOL C/ PROP (AER) FILME POLIET FR AL PRESSURIZADO C/ VALVULA X 60 G;Liberado;14.03;18.15
1057301400384;44.3 MG COM DISP CT BL AL AL X 10;Regulado;10.99;12.49
1057301400392;44.3 MG COM DISP CT BL AL AL X 20;Regulado;21.97;24.97
1057301400406;11.6 MG/G SOL AER FILME PLAS TB AL X 60 G;Liberado;14.03;18.15
1057301400414;11.6 MG/G SOL AER CT TB AL X 60 G;Liberado;14.03;18.15
1057301400430;11.6 MG/G GEL CT BG PLAS LAM X 30 G;Liberado;6.32;8.18
1057301400449;11.6 MG/G GEL CT BG PLAS LAM X 60 G;Liberado;12.65;16.37
1057301400465;11.6 MG/G GEL CT BG PLAS LAM X 100 G;Liberado;19.85;25.69
1057301420083;20 MG CAP GEL DURA CT BL AL PLAS INC X 10;Regulado;37.08;42.14
1057301440017;20 MG COM CT 2 BL AL PLAS INC X 15;Regulado;55;62.5
1057301440025;40 MG COM CT 2 BL AL PLAS INC X 15;Regulado;104.55;118.81
1057301440033;20 MG COM CT BL AL PLAS INC X 10;Regulado;18.33;20.83
1057301440041;40 MG COM CT BL AL PLAS INC X 10;Regulado;34.85;39.6
1057301520010;3 MG COM CT BL AL PLAS TRANS X 20;Regulado;12.43;14.13
1057301520029;6 MG COM CT BL AL PLAS TRANS X 20;Regulado;19.87;22.58
1057301520045;2.5 MG/ML SOL OR CT FR PLAS OPC GOT X 20 ML;Regulado;14.69;16.69
1057301520053;3 MG COM CT BL AL PLAS TRANS X 30;Regulado;18.66;21.2
1057301520061;6 MG COM CT BL AL PLAS TRANS X 30;Regulado;29.81;33.88
1057302050034;30 MG/ML SOL OR CT FR PLAS OPC GOT X 10 ML;Regulado;14.74;19.08
1057302050085;30 MG/ML SOL OR CT FR PLAS OPC GOT X 20 ML;Regulado;29.47;38.15
1057302050093;6 MG / ML XPE CT FR PLAS AMB X 120 ML + COP X 10 ML;Regulado;36.85;47.69
1057302060014;COM REV CT FR PLAS OPC X 30;Liberado;75.22;97.36
1057302100041;875 MG + 125 MG COM REV CT FR VD AMB X 14;Regulado;137.33;156.06
1057302100058;875 MG + 125 MG COM REV CT FR VD AMB X 20;Regulado;186.64;212.09
1057302100066;80 MG/ML + 11 MG/ML  PO PREP EXTEMP CT FR VD AMB X 60 ML;Regulado;101.55;115.4
1057302100074;80 MG/ML + 11 MG/ML  PO PREP EXTEMP CT FR VD AMB X 90 ML;Regulado;137.33;156.06
1057302160077;10 MG CAP GEL DURA MICROG CT FR PLAS OPC X 14;Regulado;43.69;49.65
1057302160085;20 MG CAP DURA LIB RETARD CT FR PLAS PE OPC X 7;Regulado;41.58;47.25
1057302160093;20 MG CAP DURA LIB RETARD CT FR PLAS PE OPC X 14;Regulado;80.53;91.51
1057302160141;20 MG CAP DURA LIB RETARD CT FR PLAS PE OPC X 28;Regulado;73.54;83.57
1057302160158;20 MG CAP DURA LIB RETARD CT FR PLAS PE OPC X 56;Regulado;157;178.41
1057302160174;40 MG CAP DURA LIB RETARD CT FR PLAS PE OPC X 7;Regulado;36.89;41.92
1057302160190;40 MG CAP DURA LIB RETARD CT FR PLAS PE OPC X 28;Regulado;147.59;167.72
1057302170031;150 MCG + 20 MCG COM REV CT BL AL PLAS TRANS X 21;Regulado;32.54;36.98
1057302170048;150 MCG + 20 MCG COM REV CT BL AL PLAS TRANS X 63;Regulado;97.63;110.94
1057302180019;400 MG COM MAST CT BL AL PLAS INC X 1;Regulado;9.14;10.39
1057302180027;40 MG/ML SUS OR CT FR VD AMB X 10 ML;Regulado;9.23;10.49
1057302310011;12 MG + 15 MG COM REV LIB PROG CT BL AL PLAS INC X 12;Liberado;14.17;18.34
1057302310052;0.4 MG/ML + 1 MG/ML XPE CT FR VD AMB X 120 ML + CP MED X 10 ML;Liberado;11.92;15.43
1057302310060;2 MG/ML + 2.5 MG/ML SOL OR CT FR GOT PLAS OPC X 20 ML;Liberado;8.1;10.48
1057302310133;12 MG + 15 MG COM REV LIB PROG CT BL AL PLAS INC X 100 (EMB MULT);Liberado;117.87;152.55
1057302310176;12 MG + 15 MG COM REV LIB PROG DISPLAY CT BL AL PLAS INC X 100 (EMB MULT);Liberado;117.87;152.55
1057302460021;COM REV CT FR PLAS OPC X 30;Liberado;45.43;58.8
1057302480012;450 MG + 50 MG COM REV CT BL AL PLAS TRANS X 30;Regulado;59.76;77.34
1057302480020;450 MG + 50 MG COM REV CT BL AL PLAS TRANS X 60;Regulado;116.06;150.21
1057302480039;450 MG + 50 MG COM REV CT  BL AL PLAS TRANS X 10;Regulado;19.62;25.39
1057302480071;900 MG + 100 MG COM REV CT BL AL PLAS PCTFE TRANS X 10;Regulado;39.26;50.81
1057302480081;900 MG + 100 MG COM REV CT BL AL PLAS PCTFE TRANS X 30;Regulado;117.76;152.41
1057302490018;COM REV CT FR PLAS OPC X 30;Regulado;39.79;51.5
1057302640028;0.075 MG + 0.020 MG DRG CT ENV AL BL AL PLAS INC X 21;Regulado;25.32;28.77
1057302640036;0.075 MG + 0.030  MG DRG CT ENV AL BL AL PLAS INC X 21;Regulado;27.98;31.8
1057302640044;0.075 MG + 0.030  MG DRG CT ENV AL BL AL PLAS INC X 63;Regulado;84.01;95.47
1057302640052;0.075 MG + 0.020 MG DRG CT ENV AL BL AL PLAS INC X 63;Regulado;76;86.36
1057302800017;150 MG CAP DURA CT BL AL PLAS PVDC TRANS X 20;Liberado;41.54;53.76
1057302800025;150 MG CAP DURA CT BL AL PLAS PVDC TRANS X 30;Liberado;66.93;86.62
1057302820018;20 MG CAP DURA LIB RETARD + 500 MG COM REV + 500 MG CAP DURA CT BL AL PLAS TRANS X 14 + BL AL PLAS TRegulado;Regulado;224.61;255.24
1057302820050;20 MG CAP DURA LIB RETARD + 500 MG COM REV + 500 MG CAP  DURA CT BL AL PLAS TRANS X 28 + BL AL PLAS Regulado;Regulado;230.72;262.18
1057302820131;20 MG CAP DURA LIB RETARD + 500 MG COM REV + 500 MG CAP DURA CT BL AL PLAS TRANS X 42 + BL AL PLAS TRegulado;Regulado;248.13;281.97
1057302860011;500 MG + 400 MG CAP GEL CT FR PLAS OPC X  01;Regulado;65.98;74.98
1057302860028;500 MG + 400 MG CAP GEL CT FR PLAS OPC X 90;Regulado;185.81;211.15
1057302860087;1500MG + 1200MG GRAN CT 15 ENV AL LAM X 4G;Regulado;76.53;86.97
1057302860095;1500MG + 1200MG GRAN CT 30 ENV AL LAM X 4G;Regulado;153.03;173.9
1057302860125;500 MG + 400 MG CAP GEL DURA CT FR PLAS OPC X 10;Regulado;21.21;24.1
1057302930018;5 MG COM REV CT BL AL PLAS TRANS X 10;Regulado;10.19;13.19
1057302930042;5 MG COM REV CT BL AL PLAS TRANS X 15;Regulado;15.28;19.77
1057302930050;5 MG COM REV CT BL AL PLAS TRANS X 30;Regulado;30.61;39.61
1057302930077;5 MG COM REV CT BL AL PLAS TRANS X 4;Regulado;3.52;4.55
1057302930093;10 MG COM REV CT BL AL PLAS TRANS X 10;Regulado;11.31;14.64
1057302930123;10 MG COM REV CT BL AL PLAS TRANS X 15;Regulado;17.01;22.01
1057302930131;10 MG COM REV CT BL AL PLAS TRANS X 30;Regulado;34;44
1057302930158;10 MG COM REV CT BL AL PLAS TRANS X 4;Regulado;3.89;5.04
1057302970011;8 MG/ML + 2 MG/ML SUS INJ CT FA VD TRANS X 2 ML + SER DOS;Regulado;18.66;21.2
1057302970028;8 MG/ML + 2 MG/ML SUS INJ CT FA VD TRANS X 1 ML + SER DOS;Regulado;9.34;10.61
1057302980023;0.5 MG/ML + 3.5 MG/ML + 5 MG/ML SOL NAS CT FR PLAS OPC SPR X 20 ML;Regulado;20.4;26.41
1057302990010;1.093 MG/ML + 5.8 MG/ML SOL OFT CT FR GOT PLAS OPC X 5 ML;Regulado;9.26;10.52
1057303010036;100 MG COM CT BL AL PLAS TRANS X 12;Regulado;34.69;39.42
1057303010079;50 MG/ML SUS OR CT FR PLAS OPC GOT X 15 ML;Regulado;28.54;32.43
1057303010133;100 MG COM SUS CT BL AL PLAS TRANS X 12;Regulado;38.31;43.53
1057303010184;100 MG COM SUS CT BL AL PLAS TRANS X 4;Regulado;12.15;13.81
1057303020015;2MG/ML SOL INJ CT 2 AMP X 1 ML;Regulado;9.28;10.55
1057303020031;4MG/ML SOL INJ CT 1 FA X 2.5 ML;Regulado;11.5;13.07
1057303020066;2MG/ML SOL INJ CT 100 AMP VD TRANS X 1 ML;Regulado;463.81;527.06
1057303020082;4MG/ML SOL INJ CT 100 FA VD TRANS  X 2.5 ML;Regulado;1148.86;1305.52
1057303030010;0.5 MG COM CT BL AL PLAS INC X 20;Regulado;6.44;7.32
1057303030029;0.75 MG COM CT BL AL PLAS INC X 20;Regulado;8.02;9.11
1057303030037;4 MG COM CT BL AL PLAS INC X 10;Regulado;13.48;15.32
1057303030045;0.1 MG/ML ELX CT FR VD AMB X 120 ML + COP;Regulado;18.74;21.3
1057303090028;10MG CAP DURA LIB PROL  CT BL AL PLAS TRANS X 60;Regulado;19.21;21.83
1057303120011;0.75 MG/ML + 0.5 MG/ML + 5 MG/ML SOL NAS CT FR PLAS OPC SPRAY X 20 ML;Regulado;16.77;21.7
1057303130023;1.5 MG/ML COLUT CT FR VD TRANS NEB X 30 ML;Liberado;17.36;22.46
1057303130090;3.0 MG PAS DURA CT STRIP PAP/ALX 12 (SABOR CEREJA);Liberado;7.63;9.88
1057303130104;3.0 MG PAS DURA CT 3 STRIP PAP/ALX 4 (SABOR LARANJA);Liberado;7.63;9.88
1057303130112;3.0 MG PAS DURA CT STRIP PAP/ALX 12 (SABOR LIMO);Liberado;7.63;9.88
1057303130120;3.0 MG PAS DURA CT STR PAP/PEBD/AL/PEBD X 12 (SABOR MENTA);Liberado;7.63;9.88
1057303130147;5 MG/G  PAS CT BG AL X 70 G;Liberado;16.31;21.11
1057303130155;1.5 MG/ML COLUT CT FR PLAS TRANS X 250 ML + COP (SABOR MENTA);Liberado;19.67;25.46
1057303130163;1.5 MG/ML COLUT CT FR PLAS TRANS X 250 ML + COP (SABOR LARANJA);Liberado;19.67;25.46
1057303130171;1.5 MG/ML COLUT CT FR PLAS TRANS X 250 ML + COP (SABOR CEREJA);Liberado;19.67;25.46
1057303130181;1.5 MG/ML COLUT CT FR PLAS TRANS X 250 ML + COP (SABOR LIMO);Liberado;19.67;25.46
1057303130236;1.5 MG/ML COLUT CT FR PLAS TRANS X 150 ML (SABOR LARANJA);Liberado;14.11;18.26
1057303130244;1.5 MG/ML COLUT CT FR PLAS TRANS X 150 ML (SABOR MENTA);Liberado;14.11;18.26
1057303130317;1.5 MG/ML COLUT CT FR VD TRANS NEB X 30 ML (SABOR CEREJA);Liberado;17.36;22.46
1057303130538;3.0 MG PAS DURA CT STR PAP/PEBD/AL/PEBD X 2 (SABOR MENTA);Liberado;1.61;2.08
1057303130562;3.0 MGPAS DURA CT 25 STR PAP/PEBD/AL/PEBD X 4 (SABOR MENTA) (EMB. MULT.);Liberado;63.72;82.47
1057303130961;3.0 MG PAS DURA CT  25 STRIP PAP/ALX 4 (SABOR LARANJA)(EMB. MULT.);Liberado;63.72;82.47
1057303131135;3.0 MG PAS DURA CT STR PAP/PEBD/AL/PEBD X 8 (SABOR MENTA);Liberado;5.02;6.49
1057303131143;3.0 MG PAS DURA CT STR PAP/PEBD/AL/PEBD X 52 (SABOR MENTA);Liberado;33.13;42.88
1057303170017;8 MG/ML SUS INJ CT FA INC X 2 ML;Regulado;13.16;14.95
1057303240023;7.5 MG/G GEL CT BG AL X 40 G;Liberado;11.12;14.4
1057303270021;600 MG OVL CT BL AL PLAS INC X 1 + 1 APLIC + 2 DEDEIRAS;Regulado;43.87;56.79
1057303270054;0.02 G/G CREM VAG CT BG AL X 40 G + 7 APLIC;Regulado;44.96;58.2
1057303270089;0.02 G/G CREM DERM CT BG AL X 30 G;Regulado;33;42.71
1057303270151;20MG/ML  SOL DERM CT FR PLAS OPC SPR X 30 ML;Regulado;33.01;42.72
1057303270161;0.02 G/G CREM DERM CT BG AL X 20G;Regulado;21.01;27.19
1057303270178;600MG OVL CT BL AL PLAS INC X 1 + 1 APLIC;Regulado;43.87;56.79
1057303280017;500.000 UI COM CT 25 STR X 10;Regulado;131.38;149.3
1057303280025;500.000 UI COM CT STR X 12;Regulado;7.2;8.18
1057303300018;20 MG COM CT BL AL/AL X 10;Regulado;22.18;25.2
1057303300026;3 MG/ML SOL OR CT FR PET AMB X 120 ML + PIPETA DOSADORA;Regulado;37.56;42.68
1057303300034;3 MG/ML SOL OR CT FR PET AMB X 60 ML + PIPETA DOSADORA;Regulado;20.58;23.39
1057303300042;5 MG COM CT BL AL/AL X 20;Regulado;15.16;17.23
1057303300050;3 MG/ML SOL OR CT FR PET AMB X 30 ML + PIPETA DOSADORA;Regulado;9.84;11.18
1057303300069;5 MG COM CT BL AL/AL X 10;Regulado;7.23;8.22
1057303300085;11 MG/ML SOL OR CT FR GOT PLAS OPC X 10ML;Regulado;11.82;13.43
1057303300107;11 MG/ML SOL OR CT FR GOT PLAS OPC X 20ML;Regulado;23.7;26.93
1057303330057;150 MG COM REV CT STR AL X 20;Regulado;37.95;43.13
1057303330091;15 MG/ML XPE CT FR VD AMB X 120 ML + COP;Regulado;34.42;39.11
1057303330261;15 MG/ML XPE CT FR VD AMB X 120 ML + COP + SER DOS;Regulado;34.42;39.11
1057303410034;5 MG/G CREM DERM CT BG AL X 30 G;Liberado;31.27;40.47
1057303410085;5 MG/G SOL AER CT TB AL X 75 ML;Liberado;40.88;52.91
1057303410123;5 MG/G CREM DERM CT BG PLAS LAM X 60 G;Liberado;52.18;67.53
1057303420013;53.2 MG/G PO PREP PO EXTEMP CT 10 ENV AL POLIET X 9.4 G;Liberado;27.09;35.06
1057303420048;50 MG/ML SOL GIN CT FR VD AMB X 100 ML;Liberado;20.03;25.92
1057303420056;53.2 MG/G PO PREP PO EXTEMP CT 04 ENV AL POLIET X 9.4 G;Liberado;10.56;13.67
1057303420080;50 MG/ML SOL GIN CT FR PET AMB X 100 ML;Liberado;20.03;25.92
1057303420099;50 MG/ML SOL GIN CT FR PET AMB X 100 ML+ CP MED;Regulado;20.03;25.92
1057303440022;0.9 PCC SOL NASAL CT FR VD AMB NEB X 10 ML;Liberado;29.52;38.2
1057303490011;13.33 MG/ML XPE CT FR PLAS TRANS X 150 ML + COP;Liberado;19.38;25.09
1057303520107;30 MG/ML SOL NAS CT FR PET AMB SPR X 60 ML;Liberado;15.64;20.25
1057303520115;30 MG/ML SOL NAS CT FR SPR PLAS OPC X 25 ML;Liberado;6.54;8.46
1057303520123;30 MG/ML SOL NAS CT FR SPR PLAS OPC X 50 ML;Liberado;13.25;17.15
1057303540019;6.667 MG/ML XPE FR PLAS TRANS X 150 ML + COP;Liberado;16.58;21.46
1057303550014;(25 MG + 100 MG + 50 MG + 10 MG)/G BALS CT BG AL X 20 G;Liberado;13.15;17.02
1057303550022;(12.5 MG + 30 MG + 4 MG + 12.5 MG)/G SUP CT STR X 5;Liberado;15.41;19.95
1057303570058;250 MG + 60 MG COM REV CT BL AL AL X 10;Liberado;21.63;28
1057303570066;250 MG + 60 MG COM REV CT BL AL AL X 20;Liberado;34.68;44.88
1057303630018;320 MG COM REV CT BL AL PLAS INC X 5;Regulado;176.91;201.03
1057303630026;320 MG COM REV CT BL AL PLAS INC X 7;Regulado;247.66;281.43
1057303640021;10 MG COM REV CT BL AL/AL X 10;Liberado;20.86;26.99
1057303640031;10 MG COM REV CT BL AL/AL X 30;Liberado;80.83;104.62
1057303640056;20 MG COM REV CT BL AL/AL X 10;Liberado;58.32;75.48
1057303640064;2 MG/ML XPE CT FR VD AMB X 50 ML+ COP;Liberado;26;33.65
1057303650027;7 MG + 40 MG + 50 MG CAP DURA CT BL AL PLAS TRANS X 30;Regulado;26.9;34.82
1057303650035;7 MG + 40 MG + 50 MG CAP DURA CT BL AL PLAS TRANS X 12;Regulado;10.75;13.91
1057303660030;25 MCG COM CT BL AL AL X 30;Regulado;12.84;14.59
1057303660091;50 MCG COM CT BL AL AL X 30;Regulado;14.67;16.67
1057303660154;75 MCG COM CT BL AL AL X 30;Regulado;15.98;18.16
1057303660219;88 MCG COM CT BL AL AL X 30;Regulado;16.69;18.97
1057303660278;100 MCG COM CT BL AL AL X 30;Regulado;15.79;17.94
1057303660332;112 MCG COM CT BL AL AL X 30;Regulado;18.02;20.48
1057303660391;125 MCG COM CT BL AL AL X 30;Regulado;18.71;21.26
1057303660456;150 MCG COM CT BL AL AL X 30;Regulado;20.23;22.99
1057303660510;175 MCG COM CT BL AL AL X 30;Regulado;21.06;23.93
1057303660571;200 MCG COM CT BL AL AL X 30;Regulado;21.9;24.89
1057303660618;38MCG COM CT BL AL AL X 30;Regulado;7.77;8.83
1057303660650;25 MCG COM CT BL AL AL X 15;Regulado;4.82;5.48
1057303660669;38 MCG COM CT BL AL AL X 15;Regulado;3.88;4.41
1057303660677;50 MCG COM CT BL AL AL X 15;Regulado;5.36;6.09
1057303660685;75 MCG COM CT BL AL AL X 15;Regulado;5.81;6.6
1057303660693;88 MCG COM CT BL AL AL X 15;Regulado;7.03;7.99
1057303660707;100 MCG COM CT BL AL AL X 15;Regulado;4.56;5.18
1057303660715;112 MCG COM CT BL AL AL X 15;Regulado;8.94;10.16
1057303670011;COM REV CT BL AL PLAS PVC/PCTFE TRANS X 15;Regulado;7.73;10.01
1057303670036;COM REV CT BL AL PLAS PVC/PCTFE TRANS X 45;Regulado;23.21;30.05
1057303700024;50 MG/ML SUS OR CT FR PLAS OPC GOT X 30 ML;Liberado;13.57;17.56
1057303700059;100 MG/ML SUS OR CT FR PLAS OPC GOT X 20 ML;Liberado;16.87;21.84
1057303710021;10 MG CAP DURA CT BL AL PLAS TRANS X 30;Regulado;49.24;63.73
1057303710054;15 MG CAP DURA CT BL AL PLAS TRANS X 30;Regulado;58.57;75.81
1057303710070;10 MG CAP DURA CT BL AL PLAS TRANS X 60;Regulado;97.16;125.75
1057303710089;15 MG CAP DURA CT BL AL PLAS TRANS X 60;Regulado;115.58;149.59
1057303730012;SUS OR CT FR PLAS PET AMB X 120 ML+ CP MED X 10 ML;Regulado;10.46;13.53
1057303730047;SUS OR CT FR PLAS PET AMB X 30 ML + CGT;Regulado;14.28;18.48
1057303740042;126 MG COM REV CT BL AL PLAS INC X 45;Regulado;21.35;27.63
1057303750013;52.63 MG/ML SUS OR CT FR PLAS PET AMB X 120 ML + COP  X 10ML;Regulado;9.84;12.73
1057303750048;263.16 MG/ML SUS OR CT FR PLAS AMB X 30 ML + CGT;Regulado;9.81;12.7
1057303770014;2 MG + 1000 MG COM REV CT BL AL PLAS PVC TRANS X 10;Regulado;23.01;26.15
1057303770049;2 MG + 1000 MG COM REV CT BL AL PLAS PVC TRANS X 30;Regulado;69.08;78.5
1057303770057;4 MG + 1000 MG COM REV CT BL AL PLAS PVC TRANS X 10;Regulado;33.42;37.98
1057303770081;4 MG + 1000 MG COM REV CT BL AL PLAS PVC TRANS X 30;Regulado;100.3;113.98
1057303780028;0.5MG/G GEL CREM CT BG AL X 15 G;Regulado;10.45;13.52
1057303780044;0.5MG/G GEL CREM CT BG AL X 30 G;Regulado;20.9;27.05
1057303790023;10 MG COM REV CT BL AL PLAS TRANS X 15;Regulado;109.69;124.65
1057303790041;10 MG COM REV CT BL AL PLAS TRANS X 30;Regulado;219.34;249.25
1057303790058;10 MG COM REV CT BL AL PLAS TRANS X 60;Regulado;377.21;428.65
1057303790066;10 MG COM REV CT BL AL PLAS TRANS X 7;Regulado;51.18;58.16
1057303790112;20 MG/ML SOL OR CT FR VD AMB GOT X 15 ML;Regulado;219.22;249.11
1057303790155;20 MG COM REV CT BL AL PLAS TRANS X 7;Regulado;92.3;104.89
1057303790201;20 MG COM REV CT BL AL PLAS TRANS X 30;Regulado;395.62;449.57
1057303790211;20 MG COM REV CT BL AL PLAS TRANS X 60;Regulado;673.48;765.32
1057303790236;15 MG COM REV CT BL AL PLAS TRANS X 7;Regulado;61.34;69.7
1057303790287;15 MG COM REV CT BL AL PLAS TRANS X 30;Regulado;263.18;299.07
1057303790295;15 MG COM REV CT BL AL PLAS TRANS X 60;Regulado;433.79;492.94
1057303830017;900 MG + 100 MG GRAN CT 15 SACH X 5 G (SABOR LARANJA/LIMO);Regulado;54.61;70.68
1057303830025;900 MG + 100 MG GRAN CT 30 SACH X 5 G (SABOR LARANJA/LIMO);Regulado;109.21;141.34
1057303830041;900 MG + 100 MG GRAN CT 15 SACH X 5 G (SABOR ABACAXI);Regulado;54.61;70.68
1057303830051;900 MG + 100 MG GRAN CT 30 SACH X 5 G (SABOR ABACAXI);Regulado;109.21;141.34
1057303830076;900 MG + 100 MG GRAN CT 7 SACH X 5 G (SABOR LARANJA/LIMO);Regulado;25.54;33.06
1057303830084;900 MG + 100 MG GRAN CT 7 SACH X 5 G (SABOR ABACAXI);Regulado;25.54;33.06
1057303900015;SUS OR CT FR VD AMB X 120 ML + CP MED X 10 ML;Liberado;9.95;12.87
1057303970013;5 MG COM REV CT BL AL PLAS TRANS X 30;Regulado;17.48;22.63
1057304010031;75 MG COM REV CT BL AL/AL X15;Regulado;118.56;134.73
1057304010056;75 MG COM REV CT BL AL/AL X30;Regulado;237.14;269.48
1057304030022;1500 MG P OR CT 10 ENV PAPEL PLAS AL PLAS X 3.95G;Regulado;49.93;56.74
1057304030030;1500 MG P OR CT 30 ENV PAPEL PLAS AL PLAS X 3.95G;Regulado;149.83;170.26
1057304040011;25 MG COM REV CT BL AL PLAS OPC X 15;Regulado;53.98;69.87
1057304040028;25 MG COM REV CT BL AL PLAS OPC X 30;Regulado;107.97;139.75
1057304040036;100 MG COM REV CT BL AL PLAS OPC X 15;Regulado;179.19;231.91
1057304040044;100 MG COM REV CT BL AL PLAS OPC X 30;Regulado;358.38;463.84
1057304040060;200 MG COM REV CT BL AL PLAS OPC X 30;Regulado;644.53;834.18
1057304040109;25 MG COM REV CT BL AL PLAS OPC X 60;Regulado;215.94;279.48
1057304050023;10 MG COM REV CT BL AL/AL X 10;Regulado;51.92;59
1057304050041;10 MG COM REV CT BL AL/AL X 30;Regulado;155.91;177.17
1057304050058;4 MG GRAN CT 10 SACH X 350 MG;Regulado;52.04;59.14
1057304050066;4 MG GRAN CT 30 SACH X 350 MG;Regulado;156.29;177.6
1057304050104;4 MG COM MAST CT BL AL AL X 10;Regulado;18.36;20.86
1057304050112;4 MG COM MAST CT BL AL AL X 30;Regulado;55.1;62.61
1057304050120;5 MG COM MAST CT BL AL AL X 10;Regulado;22.97;26.1
1057304050139;5 MG COM MAST CT BL AL AL X 30;Regulado;68.86;78.25
1057304050147;4 MG COM MAST CT BL AL AL X 60;Regulado;138.37;157.24
1057304050155;5 MG COM MAST CT BL AL AL X 60;Regulado;133.84;152.09
1057304050163;4 MG GRAN CT 60  SACH X 350 MG;Regulado;218.16;247.91
1057304050171;10 MG COM REV CT BL AL/AL X 60;Regulado;199.93;227.19
1057304070016;0.5 MG/G + 1.0 MG/G GEL CREM CT BG AL X 10G;Regulado;8.48;10.98
1057304070024;0.5 MG/G + 1.0 MG/G GEL CREM CT BG AL X 15G;Regulado;12.74;16.49
1057304070032;0.5 MG/G + 1.0 MG/G GEL CREM CT BG AL X 20G;Regulado;16.97;21.97
1057304070040;0.5 MG/G + 1.0 MG/G GEL CREM CT BG AL X 30G;Regulado;25.49;32.99
1057304100020;8 MG COM CT BL AL PLAS TRANS X 30;Regulado;18.73;24.24
1057304100055;16 MG COM CT BL AL PLAS TRANS X 30;Regulado;22.77;29.47
1057304100063;16 MG COM CT BL AL PLAS TRANS X 60;Regulado;45.56;58.97
1057304100081;24 MG COM CT BL AL PLAS TRANS X 30;Regulado;29.62;38.34
1057304100098;24 MG COM CT BL AL PLAS TRANS X 60;Regulado;60.06;77.74
1057304140022;10 MG COM REV CT BL AL/AL X 10;Regulado;44.11;50.13
1057304140049;10 MG COM REV CT BL AL/AL X 30;Regulado;132.35;150.4
1057304140057;20 MG COM REV CT BL AL/AL X 5;Regulado;33.17;37.69
1057304140065;20 MG COM REV CT BL AL/AL X 10;Regulado;62.75;71.31
1057304140081;20 MG COM REV CT BL AL/AL X 30;Regulado;222.05;252.33
1057304140091;5 MG COM REV CT BL AL AL X 10;Regulado;18.04;20.5
1057304140103;5 MG COM REV CT BL AL AL X 30;Regulado;54.13;61.51
1057304140111;40 MG COM REV CT BL AL AL X 10;Regulado;89.82;102.07
1057304140121;40 MG COM REV CT BL AL AL X 30;Regulado;269.45;306.19
1057304140138;5 MG COM REV CT BL AL AL X 60;Regulado;99.66;113.25
1057304140146;10 MG COM REV CT BL AL AL X 60;Regulado;243.4;276.59
1057304140154;20 MG COM REV CT BL AL AL X 60;Regulado;392.63;446.17
1057304160015;20 MG COM REV CT BL AL/AL X 30;Regulado;384.39;436.81
1057304180016;35 MG COM REV CT BL AL PLAS TRANS X 2;Regulado;62.8;71.36
1057304180024;35 MG COM REV CT BL AL PLAS TRANS X 4;Regulado;125.62;142.75
1057304180032;35 MG COM REV CT BL AL PLAS TRANS X 12;Regulado;387.18;439.98
1057304220018;150 MG COM REV CT BL AL AL X 1;Regulado;187.33;212.88
1057304220034;150 MG COM REV CT BL AL AL X 3;Regulado;414.01;470.47
1057304250022;10 MG COM CT BL AL/AL X 10;Regulado;206.81;235.01
1057304250030;10 MG COM CT BL AL/AL X 30;Regulado;620.42;705.02
1057304250065;15 MG COM CT BL AL/AL X 10;Regulado;310.24;352.55
1057304250073;15 MG COM CT BL AL/AL X 30;Regulado;930.66;1057.57
1057304250111;20 MG COM CT BL AL/AL X 30;Regulado;1240.87;1410.08
1057304250154;30 MG COM CT BL AL/AL X 30;Regulado;1861.29;2115.1
1057304250170;10 MG COM CT BL AL/AL X 60;Regulado;1240.85;1410.06
1057304250189;15 MG COM CT BL AL/AL X 60;Regulado;1861.37;2115.19
1057304290016;0.125 MG COM CT BL AL/AL X 07;Regulado;8.23;9.35
1057304290032;0.125 MG COM CT BL AL/AL X 30;Regulado;35.34;40.16
1057304290059;0.25 MG COM CT BL AL/AL X 07;Regulado;18.1;20.57
1057304290075;0.25 MG COM CT BL AL/AL X 30;Regulado;77.45;88.01
1057304290091;1 MG COM CT BL AL/AL X 07;Regulado;51.87;58.94
1057304290113;1 MG COM CT BL AL/AL X 30;Regulado;222.38;252.7
1057304290131;0.125 MG COM CT BL AL/AL X 90;Regulado;93.38;106.11
1057304290148;0.25 MG COM CT BL AL/AL X 90;Regulado;206.84;235.05
1057304290156;1 MG COM CT BL AL/AL X 90;Regulado;601.31;683.31
1057304310025;2.5 MG COM CT BL AL/AL X 15;Regulado;143.98;163.61
1057304310041;2.5 MG COM CT BL AL/AL X 30;Regulado;287.97;327.24
1057304310068;2.5 MG COM CT BL AL/AL X 7;Regulado;67.2;76.36
1057304310084;5 MG COM CT BL AL/AL X 15;Regulado;214.14;243.34
1057304310106;5 MG COM CT BL AL/AL X 30;Regulado;428.25;486.65
1057304310122;5 MG COM CT BL AL/AL X 7;Regulado;99.92;113.55
1057304310149;10 MG COM CT BL AL/AL X 15;Regulado;427.17;485.42
1057304310165;10 MG COM CT BL AL/AL X 30;Regulado;854.36;970.86
1057304310181;10 MG COM CT BL AL/AL X 7;Regulado;179.99;204.53
1057304340013;80 MG COM REV CT BL AL/AL X 10;Regulado;37.51;42.63
1057304340021;80 MG COM REV CT BL AL/AL X 30;Regulado;112.6;127.95
1057304340031;160 MG COM REV CT BL AL/AL X 10;Regulado;37.28;42.36
1057304340048;160 MG COM REV CT BL AL/AL X 30;Regulado;111.84;127.09
1057304340056;320 MG COM REV CT BL AL/AL X 10;Regulado;37.06;42.11
1057304340064;320 MG COM REV CT BL AL/AL X 30;Regulado;111.29;126.47
1057304360014;1.5 MG CAP CT BL AL PLAS TRANS X 15;Regulado;88.53;100.6
1057304360022;1.5 MG CAP CT BL AL PLAS TRANS X 30;Regulado;177.07;201.22
1057304360065;3.0 MG CAP CT BL AL PLAS TRANS X 30;Regulado;202.97;230.65
1057304360073;3.0 MG CAP CT BL AL PLAS TRANS X 60;Regulado;403.6;458.64
1057304360103;4.5 MG CAP CT BL AL PLAS TRANS X 30;Regulado;230.61;262.06
1057304360146;6.0 MG CAP CT BL AL PLAS TRANS X 30;Regulado;235.32;267.41
1057304370011;40 MG/ML SOL OR FR VD AMB X 45 ML+ CGT;Regulado;32.38;36.8
1057304370028;40 MG/ML SOL OR FR VD AMB X 30 ML + CGT;Regulado;21.6;24.55
1057304380031;5 MG COM REV CT BL AL PLAS TRANS X 30;Regulado;371.45;422.1
1057304380066;10 MG COM REV CT BL AL PLAS TRANS X 15;Regulado;193.82;220.25
1057304380074;10 MG COM REV CT BL AL PLAS TRANS X 30;Regulado;435.68;495.09
1057304380090;5 MG COM REV CT BL AL PLAS TRANS X 7;Regulado;78.98;89.75
1057304400024;(37.5 + 325.0) MG COM REV CT BL AL PLAS TRANS X 10;Regulado;26.72;34.59
1057304400032;(37.5 + 325.0) MG COM REV CT BL AL PLAS TRANS X 20;Regulado;55.89;72.34
1057304400040;(37.5 + 325.0) MG COM REV CT BL AL PLAS TRANS X 30;Regulado;69.73;90.25
1057304420017;250 MG CAP DURA CT FR PLAS OPC X 15;Liberado;19.39;25.1
1057304420041;250 MG CAP DURA CT FR PLAS OPC X 60;Liberado;77.95;100.88
1057304420051;250 MG CAP DURA CT FR PLAS OPC X 120;Liberado;126.32;163.49
1057304430012;200 MG + 50 MG COM CT FR VD AMB X 10;Regulado;21.91;24.9
1057304430020;200 MG + 50 MG COM CT FR VD AMB X 30;Regulado;65.7;74.66
1057304430047;100 MG + 25 MG COM CT FR VD AMB X 10;Regulado;9.79;11.13
1057304430055;100 MG + 25 MG COM CT FR VD AMB X 30;Regulado;29.36;33.36
1057304430063;100 MG + 25 MG COM CT FR VD AMB X 60;Regulado;58.72;66.73
1057304450013;100 MG COM CT BL AL PLAS TRANS X 10;Regulado;22.63;25.72
1057304450031;100 MG COM CT BL AL PLAS TRANS X 30;Regulado;67.94;77.2
1057304450056;100 MG COM CT BL AL PLAS TRANS X 60;Regulado;135.81;154.33
1057304490023;1.5 MG/ML XPE CT FR PLAS AMB X 60 ML + SER DOS;Liberado;5.12;6.63
1057304490031;1.5 MG/ML XPE CT FR PLAS AMB X 120 ML + SER DOS;Liberado;10.36;13.4
1057304490041;1.5 MG/ML XPE CT FR PLAS AMB X 120 ML + COP;Liberado;10.36;13.4
1057304490058;3 MG/ML XPE CT FR PLAS AMB X 60 ML + COP;Liberado;6.4;8.29
1057304490066;3 MG/ML XPE CT FR PLAS AMB X 120 ML + COP;Liberado;12.98;16.8
1057304510024;70 MG COM CT BL AL/AL X 4;Regulado;97.37;110.65
1057304530017;500 MG COM REV CT BL AL PLAS TRANS X 3;Regulado;41.03;46.63
1057304530033;500 MG COM REV CT BL AL PLAS TRANS X 7;Regulado;95.74;108.8
1057304530041;500 MG COM REV CT BL AL PLAS TRANS X 10;Regulado;136.77;155.42
1057304530084;750 MG COM REV CT BL AL PLAS TRANS X 5;Regulado;68.42;77.75
1057304530092;750 MG COM REV CT BL AL PLAS TRANS X 7;Regulado;95.83;108.9
1057304560013;0.5 MG/ML XPE CT FR PLAS AMB X 100 ML + SER DOS;Liberado;43.21;55.92
1057304560021;0.5 MG/ML XPE CT FR PLAS AMB X 60 ML + SER DOS;Liberado;22.1;28.6
1057304560072;5 MG COM REV CT BL AL PLAS TRANS X 10;Liberado;29.03;37.57
1057304560080;5 MG COM REV CT BL AL PLAS TRANS X 30;Liberado;58.64;75.9
1057304570043;75 MG CAP GEL DURA CT BL AL PLAS TRANS X 15;Regulado;58.83;66.85
1057304570078;75 MG CAP GEL DURA CT BL AL PLAS TRANS X 30;Regulado;117.61;133.65
1057304570124;150 MG CAP GEL DURA CT BL AL PLAS TRANS X 15;Regulado;90.41;102.74
1057304570159;150 MG CAP GEL DURA CT BL AL PLAS TRANS X 30;Regulado;180.83;205.49
1057304600041;7.5 MG XPE CT FR PLAS PET AMB X 30 ML + COP;Liberado;6.83;8.84
1057304600058;7.5 MG XPE CT FR PLAS PET AMB X 100 ML + COP;Liberado;13.48;17.45
1057304610010;25 MG COM REV CT BL AL/AL X 10;Regulado;14.26;16.2
1057304610053;25 MG COM REV CT BL AL/AL X 60;Regulado;85.53;97.19
1057304610088;50 MG COM REV CT BL AL/AL X 10;Regulado;28.34;32.2
1057304610126;50 MG COM REV CT BL AL/AL X 60;Regulado;170.11;193.31
1057304610150;100 MG COM REV CT BL AL/AL X 10;Regulado;57.11;64.9
1057304610193;100 MG COM REV CT BL AL/AL X 60;Regulado;342.47;389.17
1057304620016;20 MG COM REV LIB RETARD CT BL AL AL X 7;Regulado;20.64;23.45
1057304620024;20 MG COM REV LIB RETARD CT BL AL AL X 14;Regulado;41.3;46.93
1057304620032;20 MG COM REV LIB RETARD CT BL AL AL X 28;Regulado;82.56;93.82
1057304620040;20 MG COM REV LIB RETARD CT BL AL AL X 42;Regulado;123.83;140.72
1057304620067;40 MG COM REV LIB RETARD CT BL AL AL X 7;Regulado;36.29;41.24
1057304620075;40 MG COM REV LIB RETARD CT BL AL AL X 14;Regulado;72.57;82.47
1057304620083;40 MG COM REV LIB RETARD CT BL AL AL X 28;Regulado;145.17;164.97
1057304620091;40 MG COM REV LIB RETARD CT BL AL AL X 42;Regulado;217.73;247.42
1057304640017;75 MG COM CT BL AL PLAS TRANS X 7;Regulado;20.79;23.63
1057304640025;75 MG COM CT BL AL PLAS TRANS X 10;Regulado;29.69;33.74
1057304640041;75 MG COM CT BL AL PLAS TRANS X 15;Regulado;44.56;50.64
1057304640076;75 MG COM CT BL AL PLAS TRANS X 30;Regulado;89.08;101.23
1057304640092;150 MG COM CT BL AL PLAS TRANS X 7;Regulado;32.71;37.17
1057304640122;150 MG COM CT BL AL PLAS TRANS X 15;Regulado;70.09;79.65
1057304640157;150 MG COM CT BL AL PLAS TRANS X 30;Regulado;140.21;159.33
1057304650020;1.25 MG/ML SOL OR CT FR PLAS OPC GOT X 10 ML;Liberado;11.91;15.42
1057304650039;1.25 MG/ML SOL OR CT FR PLAS OPC GOT X 20 ML;Liberado;23.81;30.82
1057304660018;500 MG CAP CT FR PLAS OPC X 30;Regulado;81.19;105.08
1057304660026;500 MG CAP CT FR PLAS OPC X 60;Regulado;162.36;210.13
1057304660034;500 MG CAP CT FR PLAS OPC X 90;Regulado;243.54;315.21
1057304670013;10MG+5MG COM REV CT BL AL PLAS TRANS X 7;Regulado;93.13;120.54
1057304670021;10MG+5MG COM REV CT BL AL PLAS TRANS X 30;Regulado;399.13;516.58
1057304670031;10MG+10MG COM REV CT BL AL PLAS TRANS X 7;Regulado;104.8;135.64
1057304670048;10MG+10MG COM REV CT BL AL PLAS TRANS X 30;Regulado;449.17;581.34
1057304670056;10MG+15MG COM REV CT BL AL PLAS TRANS X 7;Regulado;110.4;142.89
1057304670064;10MG+15MG COM REV CT BL AL PLAS TRANS X 30;Regulado;473.21;612.45
1057304670072;10MG+20MG COM REV CT BL AL PLAS TRANS X 7;Regulado;110.4;142.89
1057304670080;10MG+20MG COM REV CT BL AL PLAS TRANS X 30;Regulado;473.21;612.45
1057304700011;20 MG COM REV BL AL PLAS TRANS X 1;Regulado;42.49;48.28
1057304700036;20 MG COM REV CT BL AL PLAS TRANS X 2;Regulado;84.96;96.55
1057304700052;20 MG COM REV CT BL AL PLAS TRANS X 4;Regulado;169.89;193.06
1057304700117;5 MG COM REV CT BL AL PLAS TRANS X 10;Regulado;78.94;89.7
1057304700125;5 MG COM REV CT BL AL PLAS TRANS X 30;Regulado;264.11;300.13
1057304720010;0.5 MG CAP MOLE CT BL AL PLAS OPC X 10;Regulado;41.2;46.82
1057304720053;0.5 MG CAP MOLE CT BL AL PLAS OPC X 30;Regulado;123.63;140.49
1057304750017;30 MG CAP DURA LIB RETARD CT BL AL PLAS TRANS X 7;Regulado;26.78;30.43
1057304750033;30 MG CAP DURA LIB RETARD CT BL AL PLAS TRANS X 30;Regulado;114.76;130.41
1057304750051;60 MG CAP DURA LIB RETARD CT BL AL PLAS TRANS X 7;Regulado;56.89;64.65
1057304750076;60 MG CAP DURA LIB RETARD CT BL AL PLAS TRANS X 30;Regulado;243.77;277.01
1057304760012;100 MG CAP DURA CT BL AL PLAS TRANS PVDC X 6;Regulado;17.45;22.58
1057304760039;100 MG CAP DURA CT BL AL PLAS TRANS PVDC X 9;Regulado;27.13;35.12
1057304800014;8 MG COM CT BL AL PLAS TRANS X 20;Regulado;66.8;75.91
1057304800022;8 MG COM CT BL AL PLAS TRANS X 30;Regulado;100.18;113.84
1057304800030;16 MG COM CT BL AL PLAS TRANS X 20;Regulado;71.47;81.22
1057304800049;32 MG COM CT BL AL PLAS TRANS X 20;Regulado;131.89;149.88
1057304800057;16 MG COM CT BL AL PLAS TRANS X 30;Regulado;107.21;121.83
1057304800065;32 MG COM CT BL AL PLAS TRANS X 30;Regulado;197.85;224.83
1057304810011;1000 UI COM REV CT BL AL PLAS OPC X 30;Regulado;27.52;35.62
1057304810028;1000 UI COM REV CT BL AL PLAS OPC X 60;Regulado;55.04;71.24
1057304810036;2000 UI COM REV CT BL AL PLAS OPC X 30;Regulado;33.84;43.8
1057304810044;2000 UI COM REV CT BL AL PLAS OPC X 60;Regulado;67.67;87.58
1057304810060;5000 UI COM REV CT BL AL PLAS OPC X 30;Regulado;122.22;158.19
1057304810079;7000 UI COM REV CT BL AL PLAS OPC X 8;Regulado;51.85;67.1
1057304810087;7000 UI COM REV CT BL AL PLAS OPC X 30;Regulado;194.46;251.69
1057304810095;10000 UI COM REV CT BL AL PLAS OPC X 4;Regulado;32.59;42.18
1057304810109;50000 UI COM REV CT BL AL PLAS OPC X 4;Regulado;148.17;191.77
1057304810192;50000 UI COM REV CT BL AL PLAS OPC X 8;Regulado;296.31;383.5
1057304810281;7000 UI COM REV CT BL AL PLAS OPC X 12;Regulado;77.79;100.67
1057304830010;2.5 MG CAP DURA CT BL AL PLAS TRANS X 30;Regulado;148.32;191.97
1057304830029;2.5 MG CAP DURA CT BL AL PLAS TRANS X 60;Regulado;296.66;383.96
1057304830045;2.5 MG CAP DURA CT BL AL PLAS TRANS X 90;Regulado;444.97;575.91
1057304870012;50 MG/ML SOL CAPI CT FR PLAS OPC X 25 ML + VALV SPR;Regulado;61.02;78.97
1057304870020;50 MG/ML SOL CAPI CT FR PLAS OPC X 50 ML + VALV SPR;Regulado;122.02;157.92
1057304870039;50 MG/ML SOL CAPI CT FR PLAS OPC X 50 ML;Regulado;104.84;135.69
1057304870047;50 MG/ML SOL CAPI CT 2 FR PLAS OPC X 50 ML + VALV SPR;Regulado;209.71;271.42
1057304870055;50 MG/ML SOL CAPI CT 3 FR PLAS OPC X 50 ML + VALV SPR;Regulado;314.55;407.11
1057304880093;50 MG COM REV CT BL AL PLAS TRANS X 1;Regulado;11.86;15.35
1057304880107;50 MG COM REV CT BL AL PLAS TRANS X 2;Regulado;23.7;30.67
1057304880115;50 MG COM REV CT BL AL PLAS TRANS X 4;Regulado;47.42;61.37
1057304910081;200 MG CAP DURA CT BL AL PLAS TRANS X 2;Regulado;6.61;7.51
1057304910091;200 MG CAP DURA CT BL AL PLAS TRANS X 4;Regulado;13.22;15.02
1057304910138;200 MG CAP DURA CT BL AL PLAS TRANS X 10;Regulado;38.93;44.24
1057304910146;200 MG CAP DURA CT BL AL PLAS TRANS X 15;Regulado;58.41;66.38
1057304910162;200 MG CAP DURA CT BL AL PLAS TRANS X 30;Regulado;116.81;132.74
1057304920011;10 MG COM EFEV CT BL AL AL X 10;Regulado;28.61;32.51
1057304920028;10 MG COM EFEV CT BL AL AL X 20;Regulado;57.26;65.07
1057304930058;40 MG COM REV LIB RETARD CT BL AL AL X 60;Regulado;359.6;465.41
1057304940010;2 MG COM CT ENV BL AL PLAS BRANCO X 28;Regulado;162;209.67
1057304940037;2 MG COM CT ENV BL AL PLAS BRANCO X 84;Regulado;486.02;629.03
1057304950059;60 MG COM CT  BL AL /AL X 8;Regulado;11.13;12.65
1057304950067;60 MG COM CT  BL AL/AL X 15;Regulado;20.86;23.7
1057304950075;60 MG COM CT  BL AL/AL X 30;Regulado;41.71;47.4
1057305000011;1 MG/G CREM DERM CT BG AL X 20 G;Regulado;35.11;39.9
1057305010017;1 MG/G POM DERM CT BG AL X 20 G;Regulado;34.02;38.66
1057305020012;10 MG COM REV CT BL AL PLAS TRANS X 30;Regulado;155.82;177.07
1057305020020;10 MG COM REV CT BL AL PLAS TRANS X 60;Regulado;311.65;354.15
1057305020039;10 MG COM REV CT BL AL PLAS TRANS X 7;Regulado;35.47;40.31
1057305020063;10 MG COM REV CT BL AL PLAS TRANS X 120;Regulado;618.21;702.51
1057305030018;40 MG COM REV LIB RETARD CT BL AL AL X 7;Regulado;64.54;83.54
1057305030042;40 MG COM REV LIB RETARD CT BL AL AL X 30;Regulado;276.61;358
1057305030050;40 MG COM REV LIB RETARD CT BL AL AL X 60;Regulado;553.23;716.03
1057305050019;50 MG COM REV LIB PROL CT BL AL PLAS TRANS PVDC X 7;Regulado;32.37;36.78
1057305050051;50 MG COM REV LIB PROL CT BL AL PLAS TRANS PVDC X 30;Regulado;139.78;158.84
1057305050078;100 MG COM REV LIB PROL CT BL AL PLAS TRANS PVDC X 7;Regulado;36.07;40.99
1057305050116;100 MG COM REV LIB PROL CT BL AL PLAS TRANS PVDC X 30;Regulado;154.59;175.67
1057305050132;50 MG COM REV LIB PROL CT BL AL PLAS TRANS PVDC X 60;Regulado;277.45;315.28
1057305050140;100 MG COM REV LIB PROL CT BL AL PLAS TRANS PVDC X 60;Regulado;309.18;351.34
1057305060014;500 MG COM REV CT BL AL PLAS PVC TRANS X 6;Regulado;54.06;69.97
1057305060030;20 MG/ML P SUS OR CT FR VD AMB X 100 ML + SER DOS;Regulado;46.82;60.6
1057305060049;20 MG/ML P SUS OR CT FR VD AMB X 45 ML + SER DOS;Regulado;21.63;28
1057305080015;100 MCG/ML SOL INJ CT 5 FA VD TRANS X 2 ML;Regulado;714.53;811.97
1057305090010;3MG + 0.03MG COM REV CT BL CALEND AL PLAS TRANS X 21;Regulado;43.07;48.94
1057305090029;3MG + 0.03MG COM REV CT BL CALEND AL PLAS TRANS X 63;Regulado;129.23;146.85
1057305100113;2 MG COM CT BL AL PLAS TRANS PVDC X 30;Regulado;35.6;40.45
1057305120017;3 MG + 0.02 MG COM REV CT BL CALEND AL PLAS TRANS X 24;Regulado;49.07;55.76
1057305120025;3 MG + 0.02 MG COM REV CT BL CALEND AL PLAS TRANS X 72;Regulado;147.27;167.35
1057305130012;8 MG CAP DURA LIB PROL CT BL AL PLAS TRANS X 7;Regulado;36.09;41.01
1057305130063;8 MG CAP DURA LIB PROL CT BL AL PLAS TRANS X 30;Regulado;154.74;175.84
1057305130111;16 MG CAP DURA LIB PROL CT BL AL PLAS TRANS X 30;Regulado;185.4;210.68
1057305130160;24 MG CAP DURA LIB PROL CT BL AL PLAS TRANS X 30;Regulado;239.56;272.23
1057305140018;80 MG + 12.5 MG COM REV CT BL AL/AL X 10;Regulado;28.73;32.65
1057305140042;80 MG + 12.5 MG COM REV CT BL AL/AL X 30;Regulado;86.17;97.92
1057305140050;160 MG + 12.5 MG COM REV CT BL AL/AL X 10;Regulado;28.73;32.65
1057305140085;160 MG + 12.5 MG COM REV CT BL AL/AL X 30;Regulado;86.17;97.92
1057305140093;160 MG + 25 MG COM REV CT BL AL/AL X 10;Regulado;33.03;37.53
1057305140123;160 MG + 25 MG COM REV CT BL AL/AL X 30;Regulado;99.12;112.64
1057305150021;500 MG COM REV CT BL AL PLAS ACLAR TRANS  X 15;Regulado;51.58;66.76
1057305150031;500 MG COM REV CT BL AL PLAS ACLAR TRANS  X 30;Regulado;103.16;133.52
1057305150048;500 MG COM REV CT BL AL PLAS ACLAR TRANS  X 60;Regulado;206.31;267.02
1057305150080;1000 MG COM REV CT BL AL PLAS ACLAR TRANS  X 30;Regulado;206.31;267.02
1057305160019;500 MG COM REV CT BL AL PLAS TRANS X 6;Regulado;27.63;31.4
1057305160027;500 MG COM REV CT BL AL PLAS TRANS X 14;Regulado;64.46;73.25
1057305180011;500 MG COM REV LIB PROL CT BL AL PLAS ACLAR/PVC/PVDC TRANS X 7;Regulado;18.84;21.41
1057305180028;500 MG COM REV LIB PROL CT BL AL PLAS ACLAR/PVC/PVDC TRANS X 10;Regulado;26.91;30.58
1057305180052;500 MG COM REV LIB PROL CT BL AL PLAS ACLAR/PVC/PVDC TRANS X 30;Regulado;80.93;91.97
1057305190090;4 MG COM CT BL AL PLAS TRANS PVDC X 30;Regulado;71.2;80.91
1057305210032;50 MG/G CREM DERM CT BG AL X 10 G;Regulado;22.12;28.62
1057305220038;200MG COM CT BL AL PLAS INC X 25;Regulado;147.02;167.07
1057305230017;1.5 MG/ML SOL OFT CT FR PLAS PEBD OPC GOT X 5 ML;Liberado;16.85;21.81
1057305230025;1.5 MG/ML SOL OFT CT FR PLAS PEBD OPC GOT X 10 ML;Liberado;27.62;35.75
1057305240012;4 MG / ML SOL OFT CT FR GOT PLAS PEBD OPC X 5 ML;Regulado;38.25;43.47
1057305240020;4 MG / ML SOL OFT CT FR GOT PLAS PEBD OPC X 10 ML;Regulado;76.49;86.92
1057305240039;5 MG / ML SOL OFT CT FR GOT PLAS PEBD OPC X 5 ML;Regulado;38.69;43.97
1057305250026;250 MG COM CT BL AL PLAS  TRANS X 14;Regulado;83.81;95.24
1057305250034;250 MG COM CT BL AL PLAS  TRANS X 28;Regulado;166.94;189.7
1057305260013;100 MG/ML SOL OR CT FR VD AMB X 100 ML + SER DOS;Regulado;54.29;70.27
1057305270035;(2.5 + 120.0) MG COM LIB MOD CT BL AL AL X 10;Regulado;31.67;40.99
1057305280014;10 000 000 UI PO LIOF SOL INJ CT 5 FA VD INC + 5 DIL AMP VD TRANS X 1 ML;Regulado;2009.17;40.99
1057305280022;5 000 000 UI PO LIOF SOL INJ CT 5 FA VD TRANS + 5 DIL AMP VD TRANS X 1 ML;Regulado;1056.72;40.99
1057305280030;3 000 000 UI PO LIOF SOL INJ CT 5 FA VD TRANS + 5 DIL AMP VD TRANS X 1 ML;Regulado;706.84;40.99
1057305290036;4 UI PO LIOF SOL INJ CT FA VD TRANS + DIL AMP VD TRANS X 1 ML;Regulado;189.74;215.61
1057305290044;16 UI PO LIOF SOL INJ CT FA VD TRANS + DIL AMP VD TRANS X 1 ML;Regulado;758.91;862.4
1057305300015;1.000 UI PO LIOF SOL INJ CT FA VD TRANS + AMP DIL X 2 ML;Regulado;39.11;44.44
1057305300023;4.000 UI PO LIOF SOL INJ CT FA VD TRANS + AMP DIL X 2 ML;Regulado;136.61;155.24
1057305300041;2.000 UI PO LIOF SOL INJ CT FA VD TRANS + AMP DIL X 2 ML;Regulado;78.21;88.88
1057305300058;3.000 UI PO LIOF SOL INJ CT FA VD TRANS + AMP DIL X 2 ML;Regulado;117.34;133.34
1057305300236;1.000 UI PO LIOF SOL INJ CT FA VD TRANS + AMP DIL X 1 ML;Regulado;39.11;44.44
1057305300244;10.000 UI PO LIOF SOL INJ CT FA VD TRANS + AMP DIL X 1 ML;Regulado;440.73;500.83
1057305310010;20 MG COM REV LIB RETARD CT BL AL AL X 7;Regulado;24.01;27.28
1057305310037;20 MG COM REV LIB RETARD  CT BL AL AL X 14;Regulado;48.05;54.6
1057305310045;20 MG COM REV LIB RETARD  CT BL AL AL X 28;Regulado;96.11;109.22
1057305310118;40 MG COM REV LIB RETARD  CT BL AL AL X 7;Regulado;50.75;57.67
1057305310134;40 MG COM REV LIB RETARD CT BL AL AL X 14;Regulado;101.52;115.36
1057305310142;40 MG COM REV LIB RETARD  CT BL AL AL X 28;Regulado;203.05;230.74
1057305320016;3.5 MG PO LIOF SOL INJ IV SC CT FA VD TRANS;Regulado;3591.37;4081.1
1057305330143;100 MG COM REV LIB PROL CT BL AL PLAS TRANS  X 10;Regulado;70.36;79.95
1057305340017;50 MG COM REV CT BL AL PLAS TRANS X 14;Regulado;42.6;48.41
1057305340025;50 MG COM REV CT BL AL PLAS TRANS X 28;Regulado;82.83;94.13
1057305340033;50 MG COM REV CT BL AL PLAS TRANS X 30;Regulado;33.67;38.26
1057305350012;875 MG + 125 MG COM REV CT FR VD AMB X 14;Regulado;117.39;133.4
1057305350039;875 MG + 125 MG COM REV CT FR VD AMB X 20;Regulado;157.47;178.94
1057305360018;400 MG + 57 MG/5 ML PO PREP EXTEMP CT FR VD AMB X 70 ML + SER DOSAD X 10 ML;Regulado;68.04;77.32
1057305370021;30 MU (300 MCG) SOL INJ CT 5 FA VD TRANS X 1 ML;Regulado;2562.52;2911.96
1057305380027;25 MG COM ORODISP CT BL AL AL X 10;Regulado;9.53;12.33
1057305380035;25 MG COM ORODISP CT BL AL AL X 15;Regulado;14.29;18.5
1057305380061;50 MG COM ORODISP CT BL AL AL X 10;Regulado;17.18;22.23
1057305380078;50 MG COM ORODISP CT BL AL AL X 15;Regulado;25.75;33.33
1057305390022;1 MG COM REV CT BL AL PLAS TRANS X 20;Regulado;56.02;63.66
1057305390030;1 MG COM REV CT BL AL PLAS TRANS X 30;Regulado;84.02;95.48
1057305390073;2 MG COM REV CT BL AL PLAS TRANS X 20;Regulado;116.17;132.01
1057305390081;2 MG COM REV CT BL AL PLAS TRANS X 30;Regulado;174.26;198.02
1057305390121;3 MG COM REV CT BL AL PLAS TRANS X 20;Regulado;172.98;196.57
1057305400011;25 MG COM CT BL AL PLAS  TRANS X 30;Regulado;13.79;15.67
1057305400036;50 MG COM CT BL AL PLAS TRANS X 30;Regulado;19.05;21.65
1057305400060;100 MG COM CT BL AL PLAS TRANS X 30;Regulado;37.1;42.16
1057305410031;3 MG/ML SOL OR CT FR PLAS AMB X 60 ML + PIPETA DOSADORA;Regulado;13.64;15.5
1057305410058;3 MG/ML SOL OR CT FR PLAS AMB X 120 ML + PIPETA DOSADORA;Regulado;24.91;28.31
1057305420010;500 MG COM REV CT BL AL PLAS TRANS X 30;Regulado;33.71;38.31
1057305420037;250 MG COM REV CT BL AL PLAS TRANS X 30;Regulado;16.28;18.5
1057305430016;20 MG COM REV CT BL AL PLAS TRANS X 14;Regulado;44.66;50.75
1057305430024;20 MG COM REV CT BL AL PLAS TRANS X 28;Regulado;89.9;102.16
1057305440089;20 MG CAP DURA LIB PROL CT FR PLAS PE OPC X 28;Regulado;50.88;57.82
1057305440097;20 MG CAP DURA LIB PROL CT FR PLAS PE OPC X 56;Regulado;97.84;111.18
1057305450033;500 MG CAP DURA CT BL AL PLAS TRANS X 15;Regulado;29.32;33.32
1057305450051;500 MG CAP DURA CT BL AL PLAS TRANS X 21;Regulado;41.05;46.65
1057305450076;500 MG CAP DURA CT BL AL PLAS TRANS X 30;Regulado;54;61.36
1057305460012;400 MG COM REV CT BL AL PLAS TRANS X 60;Regulado;28.27;32.13
1057305460020;60 MG/ML SOL OR PED CT FR VD AMB X 110 ML + COP;Regulado;10.67;12.13
1057305470018;10 MG CAP DURA CT BL AL PLAS TRANS X 30;Regulado;183.56;237.58
1057305470026;15 MG CAP DURA CT BL AL PLAS TRANS X 30;Regulado;183.56;237.58
1057305480013;875 MG COM CT BL AL PLAS TRANS X 14;Regulado;50.88;57.82
1057305490019;10 MG COM REV CT BL AL PLAS AMB X 30;Regulado;21.7;24.66
1057305490043;20 MG COM REV CT BL AL PLAS AMB X 30;Regulado;38.61;43.88
1057305500022;20 MG COM REV LIB RETARD CT BL AL AL X 14;Regulado;43.61;49.56
1057305500030;20 MG COM REV LIB RETARD CT BL AL AL X 28;Regulado;82.82;94.11
1057305500049;20 MG COM REV LIB RETARD CT BL AL AL X 42;Regulado;130.86;148.7
1057305500073;40 MG COM REV LIB RETARD CT BL AL AL X 14;Regulado;76.7;87.16
1057305500081;40 MG COM REV LIB RETARD CT BL AL AL X 28;Regulado;145.98;165.89
1057305500091;40 MG COM REV LIB RETARD CT BL AL AL X 42;Regulado;230.13;261.51
1057305510036;0.5 MG COM CT BL AL PLAS TRANS X 30;Regulado;24.66;28.02
1057305510109;1.0 MG COM CT BL AL PLAS TRANS X 30;Regulado;43.82;49.8
1057305510176;2.0 MG COM CT BL AL PLAS TRANS X 30;Regulado;69.32;78.77
1057305520023;50 MG + 12.5 MG COM CT BL AL PLAS TRANS X 30;Regulado;22.4;25.45
1057305520058;100 MG + 25 MG COM CT BL AL PLAS TRANS X 30;Regulado;35.86;40.75
1057305530010;50 MG COM CT BL AL PLAS TRANS X 60;Regulado;15.57;17.69
1057305530037;100 MG COM CT BL AL PLAS TRANS X 30;Regulado;25.53;29.01
1057305530045;100 MG COM CT BL AL PLAS TRANS X 60;Regulado;31.22;35.48
1057305530061;50 MG COM CT BL AL PLAS TRANS X 30;Regulado;12.94;14.7
1057305540040;40 MG COM REV LIB RETARD CT BL AL AL X 30;Regulado;179.81;232.72
1057305550011;12 MCG CAP DURA PO INAL CT FR PLAS OPC X 30;Regulado;37;42.05
1057305550021;12 MCG CAP DURA PO INAL CT FR PLAS OPC X 30 C/ INALADOR;Regulado;45.41;51.6
1057305560033;50 MG/G CREM DERM CT BG AL X 10 G;Regulado;22.12;28.62
1057305570020;8 MG COM CT BL AL PLAS TRANS X 30;Regulado;12.19;15.77
1057305580018;50 MG/ML PO SUS OR CT FR VD AMB X 150 ML + SER DOS X 10 ML;Regulado;36.77;41.78
1057305590021;16 MG COM CT BL AL PLAS TRANS X 30;Regulado;15.14;19.6
1057305590064;24 MG COM CT BL AL PLAS TRANS X 30;Regulado;22.72;29.41
1057305600027;5 MG COM CT BL AL/AL X 20;Regulado;9.84;11.18
1057305600043;20 MG COM CT BL AL/AL X 10;Regulado;14.43;16.4
1057305610014;20 MG COM REV CT BL AL PLAS TRANS X 10;Regulado;36.21;41.15
1057305610022;20 MG COM REV CT BL AL PLAS TRANS X 20;Regulado;75.09;85.33
1057305610030;20 MG COM REV CT BL AL PLAS TRANS X 30;Regulado;104.49;118.74
1057305620011;4 MG SOL INJ CT  AMP VD AMB X 2 ML;Regulado;60.14;68.34
1057305620044;8 MG SOL  INJ CT AMP VD AMB X 4 ML;Regulado;122.95;139.72
1057305620079;4 MG SOL INJ CT 100 AMP VD AMB X 2 ML;Regulado;5559.43;6317.54
1057305620087;8 MG SOL INJ CT 100 AMP VD AMB X 4 ML;Regulado;11145.5;12665.4
1057305630015;10 MG COM REV CT BL AL PLAS AMB X 30;Regulado;21.7;24.66
1057305630023;20 MG COM REV CT BL AL PLAS AMB X 30;Regulado;59.9;68.07
1057305640010;100 MG COM REV CT BL AL PLAS TRANS X 20;Regulado;266.82;303.2
1057305640037;50 MG COM REV CT BL AL PLAS TRANS X 7;Regulado;25.84;29.36
1057305640053;50 MG COM REV CT BL AL PLAS TRANS X 28;Regulado;82.74;94.02
1057305640071;100 MG COM REV CT BL AL PLAS TRANS X 14;Regulado;128.71;146.26
1057305640096;50 MG COM REV CT BL AL PLAS TRANS X 21;Regulado;58.24;66.18
1057305640118;50 MG COM REV CT BL AL PLAS TRANS X 30;Regulado;80.65;91.65
1057305640134;100 MG COM REV CT BL AL PLAS TRANS X 30;Regulado;173.38;197.02
1057305650016;200 MG COM CT BL AL PLAS TRANS X 20;Regulado;24.44;27.77
1057305660062;6 MCG + 100 MCG CAP DURA PO INAL CT FR PLAS OPC X 60 + INAL;Regulado;78.43;89.13
1057305660070;6 MCG + 200 MCG CAP DURA PO INAL CT FR PLAS OPC X 15;Regulado;15.57;17.69
1057305660089;6 MCG + 200 MCG CAP DURA PO INAL CT FR PLAS OPC X 15 + INAL;Regulado;23.16;26.32
1057305660119;6 MCG + 200 MCG CAP DURA PO INAL CT FR PLAS OPC X 60;Regulado;62.26;70.75
1057305660127;6 MCG + 200 MCG CAP DURA PO INAL CT FR PLAS OPC X 60 + INAL;Regulado;92.7;105.34
1057305660135;12 MCG + 400 MCG CAP DURA PO INAL CT FR PLAS OPC X 15;Regulado;20.94;23.8
1057305660143;12 MCG + 400 MCG CAP DURA PO INAL CT FR PLAS OPC X 15+ INAL;Regulado;26.96;30.64
1057305660178;12 MCG + 400 MCG CAP DURA PO INAL CT FR PLAS OPC X 60;Regulado;83.77;95.19
1057305660186;12 MCG + 400 MCG CAP DURA PO INAL CT FR PLAS OPC X 60 + INAL;Regulado;105.72;120.14
1057305670017;10 MG COM CT BL AL PLAS TRANS X 10;Regulado;45.49;58.88
1057305670033;10 MG COM CT BL AL PLAS TRANS X 6;Regulado;27.29;35.31
1057305680039;200MG COM CT BL AL PLAS INC X 25;Regulado;147.02;167.07
1057305690018;50 MG + 12.5 MG COM CT BL AL PLAS TRANS X 28;Regulado;35.64;40.5
1057305690026;100 MG + 25 MG COM CT BL AL PLAS TRANS X 28;Regulado;56.66;64.39
1057305690034;25 MG + 12.5 MG COM CT BL AL PLAS TRANS X 28;Regulado;25.9;29.43
1057305690069;25 MG + 12.5 MG COM CT BL AL PLAS TRANS X 15;Regulado;13.5;15.34
1057305690077;25 MG + 12.5 MG COM CT BL AL PLAS TRANS X 30;Regulado;26.21;29.78
1057305690085;50 MG + 12.5 MG COM CT BL AL PLAS TRANS X 15;Regulado;14.87;16.9
1057305690093;50 MG + 12.5 MG COM CT BL AL PLAS TRANS X 30;Regulado;28.62;32.52
1057305690107;100 MG + 25 MG COM CT BL AL PLAS TRANS X 15;Regulado;23.71;26.94
1057305690115;100 MG + 25 MG COM CT BL AL PLAS TRANS X 30;Regulado;45.62;51.84
1057305700013;10 MG COM REV CT BL AL PLAS TRANS X 30;Regulado;155.82;177.07
1057305700021;10 MG COM REV CT BL AL PLAS TRANS X 60;Regulado;311.63;354.13
1057305710019;200 MG/ML SOL OR CT FR GOT PLAS OPC X 15 ML;Liberado;6.79;8.79
1057305720022;5 MG COM REV CT BL AL PLAS TRANS X 15;Regulado;9.91;12.83
1057305720049;5 MG COM REV CT BL AL PLAS TRANS X 30;Regulado;19.85;25.69
1057305720081;10 MG COM REV CT BL AL PLAS TRANS X 15;Regulado;11.04;14.28
1057305720103;10 MG COM REV CT BL AL PLAS TRANS X 30;Regulado;22.11;28.61
1057305730011;15 MG/ML XPE CT FR VD AMB X 120 ML + COP;Regulado;29.72;33.77
1057305740015;400 MG COM MAST CT BL AL PLAS TRANS X 1;Regulado;6.65;7.56
1057305740023;40 MG/ML SUS OR CT FR VD AMB X 10 ML;Regulado;7.43;8.44
1057305750029;5 MG + 25 MG CAP DURA CT BL AL PLAS TRANS X 30;Regulado;53.34;60.61
1057305750045;5 MG + 50 MG CAP DURA CT BL AL PLAS TRANS X 30;Regulado;62.76;71.32
1057305750053;5 MG  + 25 MG CAP DURA CT BL AL PLAS TRANS X 7;Regulado;12.44;14.14
1057305750061;5 MG + 50 MG CAP DURA CT BL AL PLAS TRANS X 7;Regulado;14.65;16.65
1057305760016;20 MCG PO LIOF SOL INJ/INFUS IV/IAR CX 10 AMP VD TRANS;Regulado;749.75;851.99
1057305770021;5.0 MG + 100.0 MG CAP DURA CT STR X 30;Regulado;106.71;121.26
1057305770046;2.5 MG + 50.0 MG CAP DURA CT STR X 30;Regulado;90.67;103.03
1057305770070;2.5 MG + 50.0 MG CAP DURA CT STR X 7;Regulado;21.16;24.05
1057305770089;5.0 MG + 100.0 MG CAP DURA CT STR X 7;Regulado;24.87;28.26
1057305770097;5.0 MG + 50.0 MG CAP DURA CT STR X 7;Regulado;22.02;25.02
1057305770119;5.0 MG + 50.0 MG CAP DURA CT STR X 30;Regulado;94.45;107.33
1057305780017;20 MG/ML SOL OFT CT FR PLAS OPC GOT X 5 ML;Regulado;43.7;49.66
1057305790012;50 MG/ML SUS OR CT FR PLAS OPC GOT X 30 ML;Liberado;9.99;12.93
1057305790047;100 MG/ML SUS OR CT FR PLAS OPC GOT X 20 ML;Liberado;12.17;15.75
1057305800018;200 MG COM CT BL AL PLAS TRANS X 30;Regulado;25.62;29.11
1057305800034;200 MG COM CT BL AL PLAS TRANS X 20;Regulado;16.63;18.9
1057305810013;20 MG COM CT BL AL PLAS TRANS X 20;Regulado;6.32;7.18
1057305810021;20 MG COM CT BL AL PLAS TRANS X 30;Regulado;7.74;8.8
1057305810056;40 MG COM CT BL AL PLAS TRANS X 20;Regulado;12.16;13.82
1057305810064;40 MG COM CT BL AL PLAS TRANS X 30;Regulado;15.19;17.26
1057305820019;40 MG COM CT BL AL PLAS AMB X 30;Regulado;13.45;15.28
1057305830014;50 MG COM REV CT BL AL PLAS TRANS X 14;Regulado;19.04;21.64
1057305830022;50 MG COM REV CT BL AL PLAS TRANS X 28;Regulado;84.58;96.11
1057305830030;25 MG COM REV CT BL AL PLAS TRANS X 14;Regulado;30.64;34.82
1057305830049;25 MG COM REV CT  BL AL PLAS TRANS X 28;Regulado;89.81;102.06
1057305830073;25 MG COM REV CT  BL AL PLAS TRANS X 30;Regulado;43.37;49.28
1057305830081;50 MG COM REV CT BL AL PLAS TRANS X 30;Regulado;43.37;49.28
1057305840028;5 MG COM CT  BL AL PLAS AMB X 20;Regulado;84.78;96.34
1057305840044;10 MG COM CT  BL AL PLAS AMB X 20;Regulado;159.32;181.05
1057305840060;2.5 MG COM CT  BL AL PLAS AMB X 20;Regulado;49.2;55.91
1057305840079;2.5 MG COM CT  BL AL PLAS AMB X 30;Regulado;69.67;79.17
1057305840095;5 MG COM CT  BL AL PLAS AMB X 30;Regulado;120.14;136.52
1057305840117;2.5 MG COM CT BL AL PLAS AMB X 7;Regulado;16.69;18.97
1057305840125;2.5 MG COM CT  BL AL PLAS AMB X 60;Regulado;143.29;162.83
1057305840133;5 MG COM CT BL AL PLAS AMB X 7;Regulado;25.56;29.05
1057305840141;5 MG COM CT BL AL PLAS AMB X 60;Regulado;94.62;107.52
1057305840168;10 MG COM CT BL AL PLAS AMB X 30;Regulado;225.69;256.47
1057305850023;100 MG PO LIOF SOL INFUS IV CT FA VD AMB;Regulado;4725.61;5370.01
1057305850031;50 MG PO LIOF SOL INFUS IV CT FA VD AMB;Regulado;2362.82;2685.02
1057305860029;(2.5+10) MG CAP DURA CT STR X 30;Regulado;57.08;64.86
1057305860053;(5+10) MG CAP DURA CT STR X 30;Regulado;86.29;98.06
1057305860088;(5+20) MG CAP DURA CT STR X 30;Regulado;86.29;98.06
1057305860134;(2.5+10) MG CAP DURA CT STRX 7;Regulado;13.3;15.11
1057305860142;(5+10) MG CAP DURA CT STRX 7;Regulado;20.12;22.86
1057305860150;(5+20) MG CAP DURA CT STR X 7;Regulado;20.12;22.86
1057305870016;20 MG COM REV CT BL AL PLAS TRANS X 7;Regulado;25.46;28.93
1057305870024;20 MG COM REV CT BL AL PLAS TRANS X 14;Regulado;54.93;62.42
1057305870032;20 MG COM REV CT BL AL PLAS TRANS X 28;Regulado;118.45;134.6
1057305870040;20 MG COM REV CT BL AL PLAS TRANS X 60;Regulado;206.59;234.76
1057305880011;50 MG COM CT BL AL PLAS TRANS X 60;Regulado;57.05;64.83
1057305880038;100 MG COM CT BL AL PLAS TRANS X 30;Regulado;66.74;75.84
1057305880046;100 MG COM CT BL AL PLAS TRANS X 60;Regulado;112.45;127.78
1057305880062;50 MG COM CT BL AL PLAS TRANS X 30;Regulado;33.89;38.51
1057305880070;50 MG COM CT BL AL PLAS TRANS X 7;Regulado;6.44;7.32
1057305880089;100 MG COM CT BL AL PLAS TRANS X 7;Regulado;12.79;14.53
1057305890017;40 MG/G CREM DERM CT 1 BG AL X 5 G;Regulado;16.29;18.51
1057305890033;40 MG/G CREM DERM CT 1 BG AL X 30 G;Regulado;93.08;105.77
1057305900047;200 MCG CAP GEL DURA PO INAL CT BL AL/PVDC X 60 C/INAL;Regulado;35.64;40.5
1057305900055;200 MCG CAP GEL DURA PO INAL CT BL AL/PVDC X 60;Regulado;28.54;32.43
1057305900063;400 MCG CAP GEL DURA PO INAL CT BL AL/PVDC X 60 C/INAL;Regulado;61.91;70.35
1057305900101;400 MCG CAP GEL DURA PO INAL CT BL AL/PVDC X 60;Regulado;49.63;56.4
1057305900111;100 MCG/DOSE SUS AQUOSA NAS CT FR PLAS OPC X 6 ML(120 DOSES);Regulado;49.19;55.9
1057305900128;50 MCG/DOSE SUS AQUOSA NAS CT FR PLAS OPC X 6 ML(120 DOSES);Regulado;24.46;27.8
1057305900136;32 MCG/ DOSE SUS AQUOSA NAS CT FR PLAS OPC X 6 ML (120 DOSES);Regulado;16.67;18.94
1057305900144;64 MCG/DOSE SUS AQUOSA NAS CT FR PLAS OPC X 6 ML (120 DOSES);Regulado;33.31;37.85
1057305900152;32 MCG/ DOSE SUS AQUOSA NAS CT FR PLAS OPC X 3 ML (60 DOSES);Regulado;8.32;9.45
1057305900160;64 MCG/DOSE SUS AQUOSA NAS CT FR PLAS OPC X 3 ML (60 DOSES);Regulado;16.64;18.91
1057305900179;50 MCG/DOSE SUS AQUOSA NAS CT FR PLAS OPC X 3 ML(60 DOSES);Regulado;6.11;6.94
1057305900187;100 MCG/DOSE SUS AQUOSA NAS CT FR PLAS OPC X 3 ML(60 DOSES);Regulado;6.11;6.94
1057305900195;200 MCG CAP GEL DURA PO INAL CT BL AL/PVDC X 15;Regulado;7.14;8.11
1057305900209;200 MCG CAP GEL DURA PO INAL CT BL AL/PVDC X 15 C/INAL;Regulado;8.01;9.1
1057305900217;400 MCG CAP GEL DURA PO INAL CT BL AL/PVDC X 15;Regulado;12.42;14.11
1057305900225;400 MCG CAP GEL DURA PO INAL CT BL AL/PVDC X 15 C/INAL;Regulado;13.95;15.85
1057305910018;400 MG/ 5 ML PO SUS OR CT FR VD AMB X 100 ML + SER DOS X 10 ML;Regulado;36.84;41.86
1057305920013;25 MG COM CT BL AL PLAS TRANS X 28;Regulado;24.22;27.52
1057305920021;50 MG COM CT BL AL PLAS TRANS X 28;Regulado;36.54;41.52
1057305920031;100 MG COM CT BL AL PLAS TRANS X 28;Regulado;63.13;71.74
1057305920145;25 MG COM CT BL AL PLAS TRANS X 30;Regulado;18.8;21.36
1057305920161;50 MG COM CT BL AL PLAS TRANS X 30;Regulado;27.5;31.25
1057305920188;100 MG COM CT BL AL PLAS TRANS X 30;Regulado;49.49;56.24
1057305930019;25 MG COM REV CT BL AL PLAS TRANS X 7;Regulado;24.91;28.31
1057305930027;25 MG COM REV CT BL AL PLAS TRANS X 14;Regulado;49;55.68
1057305930035;25 MG COM REV CT BL AL PLAS TRANS X 28;Regulado;98.85;112.33
1057305930086;75 MG COM REV CT BL AL PLAS TRANS X 30;Regulado;275.08;312.59
1057305930108;25MG COM REC CT BL AL PLAS TRANS X 30;Regulado;105.88;120.32
1057305940014;3.125 MG COM CT BL AL PLAS OPC X 15;Regulado;20.88;23.73
1057305940022;6.25 MG COM CT BL AL PLAS OPC X 15;Regulado;23.45;26.65
1057305940030;12.5 MG COM CT BL AL PLAS OPC X 15;Regulado;27;30.68
1057305940049;25.0 MG COM CT BL AL PLAS OPC X 15;Regulado;35.24;40.05
1057305940057;25.0 MG COM CT BL AL PLAS OPC X 30;Regulado;63.48;72.14
1057305940065;3.125 MG COM CT BL AL PLAS OPC X 30;Regulado;40.66;46.2
1057305940073;6.25 MG COM CT BL AL PLAS OPC X 30;Regulado;45.7;51.93
1057305940081;12.5 MG COM CT BL AL PLAS OPC X 30;Regulado;54.01;61.38
1057305950028;1.5 MG CAP DURA CT BL AL PLAS TRANS X 30;Regulado;120.62;137.07
1057305950060;3 MG CAP DURA CT BL AL PLAS TRANS X 30;Regulado;137.98;156.8
1057305950079;3 MG CAP DURA CT BL AL PLAS TRANS X 60;Regulado;275.96;313.59
1057305950109;4.5 MG CAP DURA CT BL AL PLAS TRANS X 30;Regulado;157.1;178.52
1057305950141;6 MG CAP DURA CT BL AL PLAS TRANS  X 30;Regulado;160.29;182.15
1057305960015;50 MG COM REV CT BL AL PLAS TRANS X 30;Regulado;52.43;59.58
1057305960031;50 MG COM REV CT BL AL PLAS TRANS X 10;Regulado;32.42;36.84
1057305960041;50 MG COM REV CT BL AL PLAS TRANS X 20;Regulado;63.82;72.52
1057305960058;50 MG COM REV CT BL AL PLAS TRANS X 28;Regulado;82.74;94.02
1057305970010;5 MG COM CT BL AL PLAS AMB X 30;Regulado;59.6;67.73
1057305970037;10 MG COM CT BL AL PLAS AMB X 30;Regulado;117.26;133.25
1057305970053;5 MG COM CT BL AL PLAS AMB X 20;Regulado;28.94;32.89
1057305970061;5 MG COM CT BL AL PLAS AMB X 60;Regulado;80.2;91.14
1057305970071;10 MG COM CT BL AL PLAS AMB X 20;Regulado;57.95;65.85
1057305970088;10 MG COM CT BL AL PLAS AMB X 60;Regulado;147.06;167.11
1057305980075;250 MCG CAP GEL DURA PO INAL CT FR PLAS OPC X 15;Regulado;14.34;16.3
1057305980083;250 MCG CAP GEL DURA PO INAL CT FR PLAS OPC X 15C/INALADOR;Regulado;17.9;20.34
1057305980113;250 MCG  CAP GEL DURA PO INAL CT FR PLAS OPC X 60;Regulado;57.42;65.25
1057305980121;250 MCG CAP GEL DURA PO INAL CT FR PLAS OPC X 60 C/INALADOR;Regulado;71.56;81.32
1057305990011;1 MG COM REV CT BL AL PLAS TRANS X 6;Regulado;15.57;17.69
1057305990021;1 MG COM REV CT BL AL PLAS TRANS X 20;Regulado;51.85;58.92
1057305990038;1 MG COM REV CT BL AL PLAS TRANS X 30;Regulado;77.84;88.45
1057305990046;2 MG COM REV CT BL AL PLAS TRANS X 20;Regulado;107.67;122.35
1057305990054;2 MG COM REV CT BL AL PLAS TRANS X 30;Regulado;161.51;183.53
1057305990089;3 MG COM REV CT BL AL PLAS TRANS X 30;Regulado;239.54;272.2
1057305990100;1 MG COM REV CT BL AL PLAS TRANS X 7;Regulado;18.13;20.6
1057305990119;2 MG COM REV CT BL AL PLAS TRANS X 7;Regulado;37.69;42.83
1057305990127;3 MG COM REV CT BL AL PLAS TRANS X 7;Regulado;55.91;63.53
1057306000015;20 MG CAP DURA CT BL AL PLAS TRANS X 30;Regulado;105.79;120.22
1057306010029;120 MG COM CT BL AL PLAS TRANS X 30;Regulado;46.92;53.32
1057306010053;160 MG COM CT BL AL PLAS TRANS X 20;Regulado;45.13;51.28
1057306020024;50 MG/ML SOL CAPI CT FR PLAS OPC X 50 ML + VALV SPR;Regulado;70.49;91.23
1057306030021;30 MG CAP DURA LIB RETARD CT BL AL PLAS TRANS X 15;Regulado;58.95;66.99
1057306030038;30 MG CAP DURA LIB RETARD CT BL AL PLAS TRANS X 30;Regulado;117.9;133.98
1057306030070;60 MG CAP DURA LIB RETARD CT BL AL PLAS TRANS X 30;Regulado;235.8;267.95
1057306040025;37.5 MG COM CT BL AL PLAS TRANS X 28;Regulado;77.15;87.67
1057306040051;75 MG COM CT BL AL PLAS TRANS X 28;Regulado;113.34;128.8
1057306050020;150 MG COM REV CT BL AL/AL X 20;Regulado;35.51;40.35
1057306050063;300 MG COM REV CT BL AL/AL X 20;Regulado;74.04;84.14
1057306060131;200 MG CAP DURA CT BL AL PLAS TRANS X 10;Regulado;27.23;30.94
1057306060141;200 MG CAP DURA CT BL AL PLAS TRANS X 15;Regulado;40.85;46.42
1057306060166;200 MG CAP DURA CT BL AL PLAS TRANS X 30;Regulado;80.64;91.64
1057306070031;100 MG COM CT BL AL PLAS TRANS X 30;Regulado;67.86;77.11
1057306080019;3 MG COM CT BL AL PLAS TRANS X 20;Regulado;9.28;10.55
1057306080027;3 MG COM CT BL AL PLAS TRANS X 30;Regulado;14.3;16.25
1057306080035;6 MG COM CT BL AL PLAS TRANS X 20;Regulado;14.36;16.32
1057306080043;6 MG COM CT BL AL PLAS TRANS X 30;Regulado;21.85;24.83
1057306090014;5 MG/ML XPE CT FR VD AMB X 120 ML + CP MED;Regulado;16.37;18.6
1057306090022;10 MG/ML XPE CT FR VD AMB X 120 ML + CP MED;Regulado;23.18;26.34
1057306090030;5 MG/ML XPE CT FR PLAS AMB X 120 ML + CP MED;Regulado;16.37;18.6
1057306090049;10 MG/ML XPE CT FR PLAS AMB X 120 ML + CP MED;Regulado;23.18;26.34
1057306100036;10 MG COM REV CT BL AL PLAS TRANS X 15;Regulado;71.28;81
1057306100060;10 MG COM REV CT BL AL PLAS TRANS X 30;Regulado;142.55;161.99
1057306100079;10 MG COM REV CT BL AL PLAS TRANS X 60;Regulado;284.95;323.81
1057306100095;15 MG COM REV CT BL AL PLAS TRANS X 7;Regulado;39.85;45.28
1057306100222;20 MG COM REV CT BL AL PLAS TRANS X 30;Regulado;277.87;315.76
1057306110015;25 MG COM REV CT BL AL PLAS OPC X 15;Regulado;35.14;45.48
1057306110023;25 MG COM REV CT BL AL PLAS OPC X 30;Regulado;70.28;90.96
1057306110066;100 MG COM REV CT BL AL PLAS OPC X 30;Regulado;233.91;302.74
1057306110104;200 MG COM REV CT BL AL PLAS OPC X 30;Regulado;420.77;544.58
1057306120037;100 MG CAP DURA CT BL AL PLAS TRANS PVDC X 9;Regulado;17.65;22.85
1057306140011;2 MG/ML SOL OFT CT FR GOT PLAS OPC X 5 ML;Regulado;46.33;52.65
1057306150017;5.0 MG/ML SOL OF CT FR GOT PLAS OPC X 5 ML;Regulado;8.18;9.3
1057306150025;2.5 MG/ML SOL OFT CT FR GOT PLAS OPC X 5 ML;Regulado;6.88;7.82
1057306160020;0.5 MG/ML XPE CT FR PLAS AMB X 60 ML+ SER DOS;Liberado;20.86;26.99
1057306160039;0.5 MG/ML XPE CT FR PLAS AMB X 100 ML+ SER DOS;Liberado;39.89;51.63
1057306180056;0.5 MG CAP MOLE CT BL AL PLAS OPC X 30;Regulado;123.63;140.49
1057306190027;250 MG COM CT BL AL PLAS  TRANS X 14;Regulado;83.63;95.03
1057306190035;250 MG COM CT BL AL PLAS  TRANS X 28;Regulado;166.94;189.7
1057306200049;5 MG COM REV CT BL AL PLAS TRANS X 10;Liberado;30.29;39.2
1057306210036;20 MG COM REV CT BL AL PVC/PVDC X 30;Regulado;109.69;124.65
1057306210060;40 MG COM REV CT BL AL PVC/PVDC X 10;Regulado;36.44;41.41
1057306210079;40 MG COM REV CT BL AL PVC/PVDC X 30;Regulado;109.38;124.3
1057306220015;500 MG/ML SOL OR CT FR VD AMB GOT X 10 ML;Liberado;3.97;5.14
1057306220023;500 MG/ML SOL OR CT FR VD AMB GOT X 20 ML;Liberado;7.18;9.29
1057306220031;50 MG/ML SOL OR CT FR VD AMB X 100 ML + CP MED;Liberado;9.15;11.84
1057306230045;10 MG COM REV CT BL AL AL X 30;Regulado;94.92;107.86
1057306230088;20 MG COM REV CT BL AL AL X 30;Regulado;166.2;188.86
1057306230101;5 MG COM REV CT BL AL AL X 30;Regulado;41.25;46.88
1057306230126;40 MG COM REV CT BL AL AL X 30;Regulado;182.72;207.64
1057306240032;10 MG COM  REV CT BL AL PLAS AMB X 12;Liberado;25.65;33.2
1057306250011;1 MG/ML XPE CT FR VD AMB X 100 ML + CP MED;Liberado;18.28;23.65
1057306260017;300 MG CAP  DURA CT BL AL PLAS PVC/PVDC  TRANS X 30;Regulado;88.49;100.56
1057306270012;1 MG COM CT BL AL PLAS PVDC TRANS X 30;Regulado;20.13;22.88
1057306270047;2 MG COM CT BL AL PLAS PVDC TRANS X 30;Regulado;34.99;39.76
1057306270071;4 MG COM CT BL AL PLAS PVDC TRANS X 30;Regulado;60.78;69.07
1057306280026;80 MG COM REV CT BL AL PLAS TRANS X 30;Regulado;20.58;23.39
1057306290013;200 MG COM CT BL AL PLAS TRANS X 10;Regulado;26.78;30.43
1057306290031;200 MG COM CT BL AL PLAS TRANS X 30;Regulado;75.49;85.78
1057306300051;0.125 MG COM CT BL AL/AL X 30;Regulado;23.66;26.89
1057306300094;0.25 MG COM CT BL AL/AL X 30;Regulado;54;61.36
1057306300132;1 MG COM CT BL AL/AL X 30;Regulado;162.7;184.89
1057306310014;1 MG/G CREM DERM CT BG AL X 20 G;Regulado;29.34;33.34
1057306320011;5 MG COM CT BL AL PLAS TRANS X 30;Regulado;9.68;11
1057306330015;20 MG COM REV CT BL AL/AL X 30;Regulado;245.4;278.86
1057306350016;20 MG COM REV CT BL AL PLAS TRANS X 20;Regulado;77.86;88.48
1057306350024;20 MG COM REV CT BL AL PLAS TRANS X 30;Regulado;114.11;129.67
1057306360011;1 MG/ML + 0.5 MG/ML COLUT CT FR SPR VD TRANS X 30 ML;Regulado;13.62;17.63
1057306360021;1 MG/ML + 0.5 MG/ML COLUT CT FR SPR VD TRANS X 50 ML;Regulado;22.71;29.39
1057306370017;1 MG/ML SOL OR CT FR VD AMB X 30 ML + CGT;Regulado;37.89;43.06
1057306380012;5 MG COM REV CT BL AL PLAS TRANS X 30;Regulado;73.08;83.05
1057306390018;100 MG COM REV CT BL AL PLAS TRANS X 30;Regulado;21.08;23.95
1057306400031;120 MG COM REV LIB RETARD CT BL AL PLAS TRANS X 20;Regulado;28.89;32.83
1057306410019;150 MG COM REV CT BL AL/AL X 1;Regulado;121.47;138.03
1057306420030;2.5 MG COM CT BL AL/AL X 30;Regulado;204.99;232.94
1057306420081;5 MG COM CT BL AL/AL X 30;Regulado;302.79;344.08
1057306420138;10 MG COM CT BL AL/AL X 30;Regulado;605.63;688.22
1057306430036;50 MG COM REV LIB PROL CT BL AL PLAS PVDC TRANS X 15;Regulado;45.45;51.65
1057306430052;50 MG COM REV LIB PROL CT BL AL PLAS PVDC TRANS X 30;Regulado;90.92;103.32
1057306430095;100 MG COM REV LIB PROL CT BL AL PLAS PVDC TRANS X 15;Regulado;52.22;59.34
1057306430117;100 MG COM REV LIB PROL CT BL AL PLAS PVDC TRANS X 30;Regulado;104.4;118.64
1057306440015;(3 + 1) MG/ML SUS OFT CT FR GOT PLAS OPC X 5 ML;Regulado;16.23;18.44
1057306460040;250 MG COM REV CT BL AL PLAS TRANS X 10;Regulado;87.74;99.7
1057306460059;250 MG COM REV CT BL AL PLAS TRANS X 14;Regulado;122.83;139.58
1057306460105;500 MG COM REV CT BL AL PLAS TRANS X 10;Regulado;114.25;129.83
1057306460113;500 MG COM REV CT BL AL PLAS TRANS X 14;Regulado;161.03;182.99
1057306470021;80 MG COM REV CT BL AL/AL X 30;Regulado;78.48;89.18
1057306470046;160 MG COM REV CT BL AL/AL X 30;Regulado;78.48;89.18
1057306470062;320 MG COM REV CT BL AL/AL X 30;Regulado;76.92;87.41
1057306480041;20 MG/ML XPE CT FR VD AMB X 120 ML + COP;Liberado;16.47;21.32
1057306480084;40 MG/ML XPE CT FR VD AMB X 120 ML + COP;Liberado;24.9;32.23
1057306490012;20 MG/ML SOL OR CT FR VD AMB GOT X 15 ML;Regulado;142.48;161.91
1057306500018;20 MG/G CREM DERM CT BG AL X 30 G;Liberado;13.2;17.08
1057306510021;750 MG COM REV CT BL AL PLAS AMB X 20;Liberado;12.11;15.67
1057306510031;750 MG COM REV CT BL AL PLAS AMB X 200;Liberado;116.64;150.97
1057306530014;100 MG COM CT BL AL PLAS TRANS X 12;Regulado;22.52;25.59
1057306530022;50 MG/ML SUS OR CT FR PLAS OPC GOT X 15 ML;Regulado;18.52;21.05
1057306550023;100MG COM REV LIB RETARD CT BL AL PLAS TRANS X 20;Regulado;28.18;32.02
1057306560037;500 MG COM REV CT BL AL PLAS TRANS X 7;Regulado;95.73;108.78
1057306560045;500 MG COM REV CT BL AL PLAS TRANS X 10;Regulado;136.77;155.42
1057306560088;750 MG COM REV CT BL AL PLAS TRANS X 5;Regulado;44.48;50.55
1057306560096;750 MG COM REV CT BL AL PLAS TRANS X 7;Regulado;62.28;70.77
1057306570016;3 MG/ML XPE CT FR VD AMB X 120 ML + COP;Liberado;9.71;12.57
1057306570032;6 MG/ML XPE CT FR VD AMB X 120 ML + COP;Liberado;15.64;20.25
1057306580011;2 MG COM CT ENV BL AL PLAS BRANCO X 28;Regulado;112.84;146.04
1057306590025;35 MG COM REV CT BL AL PLAS TRANS X 4;Regulado;135.97;154.51
1057306600047;80 MG + 12.5 MG COM REV CT BL AL/AL X 30;Regulado;57.12;64.91
1057306600081;160 MG + 12.5 MG COM REV CT BL AL/AL X 30;Regulado;57.12;64.91
1057306600128;160 MG + 25 MG COM REV CT BL AL/AL X 30;Regulado;64.42;73.2
1057306610018;10 MG COM CT BL AL/AL X10;Regulado;134.43;152.76
1057306610026;15 MG COM CT BL AL/AL X 10;Regulado;201.64;229.14
1057306610034;20 MG COM CT BL AL/AL X 10;Regulado;268.85;305.51
1057306610042;30 MG COM CT BL AL/AL X 10;Regulado;403.28;458.27
1057306610050;10 MG COM CT BL AL/AL X 30;Regulado;403.27;458.26
1057306610077;15 MG COM CT BL AL/AL X 30;Regulado;604.93;687.42
1057306620013;100 MCG/ML SOL INJ CT 5 FA VD TRANS X 2 ML;Regulado;548.38;623.16
1057306630019;500 MG COM REV CT BL AL PLAS TRANS X 6;Regulado;51.24;58.23
1057306630027;500 MG COM REV CT BL AL PLAS TRANS X 14;Regulado;111.33;126.51
1057306640014;1 MG/G POM DERM CT BG AL X 20 G;Regulado;29.34;33.34
1057306650095;4 MG COM CT BL AL PLAS TRANS PVDC X 30;Regulado;97.14;110.39
1057306670010;20 MG COM REV BL AL PLAS TRANS X 1;Regulado;27.94;31.75
1057306670037;20 MG COM REV CT BL AL PLAS TRANS X 2;Regulado;55.88;63.5
1057306670053;20 MG COM REV CT BL AL PLAS TRANS X 4;Regulado;111.74;126.98
1057306670126;5 MG COM REV CT BL AL PLAS TRANS X 30;Regulado;209.55;238.13
1057306680016;5 MG COM REV CT BL AL PLAS TRANS X 15;Regulado;152.83;173.67
1057306680024;5 MG COM REV CT BL AL PLAS TRANS X 30;Regulado;305.67;347.35
1057306680059;10 MG COM REV CT BL AL PLAS TRANS X 15;Regulado;169.83;192.99
1057306680067;10 MG COM REV CT BL AL PLAS TRANS X 30;Regulado;339.66;385.98
